zcr,spectral_c,rolloff,mfcc1,mfcc2,mfcc3,mfcc4,mfcc5,mfcc6,mfcc7,mfcc8,mfcc9,mfcc10,mfcc11,mfcc12,mfcc13,mfcc14,mfcc15,mfcc16,mfcc17,mfcc18,mfcc19,mfcc20,label
55032,1784.1226409867395,3805.7230301080335,-113.59882,121.57067,-19.162262,42.363937,-6.362266,18.621931,-13.699734,15.339802,-12.274304,10.970945,-8.326061,8.802088,-3.6699414,5.7446756,-5.162783,0.7517064,-1.687854,-0.40872997,-2.3026767,1.2224671,blues
37140,1530.2617668815155,3550.7136156830047,-207.52383,123.98514,8.94702,35.86715,2.9095943,21.519472,-8.556513,23.370676,-10.103609,11.899242,-5.558824,5.3778763,-2.2344916,4.220704,-6.0106864,0.92929417,-0.728403,0.29687235,-0.28243044,0.5306445,blues
50564,1552.8324813719914,3042.4101154654873,-90.757164,140.44087,-29.084547,31.686693,-13.976547,25.753752,-13.664991,11.634442,-11.778322,9.714756,-13.125314,5.7912464,-8.901966,-1.0801601,-9.226244,2.4483044,-7.7248397,-1.819024,-3.4404576,-2.2381277,blues
22078,1070.1534179991847,2184.8790286035382,-199.57513,150.0861,5.663404,26.855278,1.7700715,14.232647,-4.827845,9.286853,-0.75612015,8.134435,-3.200026,6.0780816,-2.478445,-1.081587,-2.8744543,0.77399397,-3.3240688,0.6363106,-0.6159676,-3.405046,blues
67226,1835.1285128875493,3579.9574708164155,-160.35417,126.20948,-35.581394,22.139256,-32.47355,10.850701,-23.35007,0.49324894,-11.796539,1.2035193,-13.084959,-2.8104992,-6.9344707,-7.5538754,-9.167669,-4.515863,-5.451786,-0.9159524,-4.4080176,-11.704385,blues
62327,1832.0115969793162,3481.4676306917054,-177.80176,118.20316,-17.57063,30.760931,-21.742554,11.919263,-20.734299,3.1852882,-8.580818,-0.9328852,-11.772245,-2.4087636,-9.348446,-9.942636,-3.9021835,-5.574562,-1.8393143,-2.7893167,-3.0478048,-8.109732,blues
48430,1459.4696906334664,2795.910729498985,-190.06882,130.27023,-36.362114,33.036217,11.093892,-0.5918819,-20.890266,0.27844238,-6.496385,-5.5127354,-7.847404,-3.1243007,-6.6028223,-9.95,-6.5426893,-10.0722275,-10.918623,-6.9652433,-3.439432,-6.484499,blues
40731,1451.8594135288934,2955.3197165929523,-179.3723,136.44833,-26.662588,39.96545,5.3108935,10.919133,-20.559534,8.503361,-11.349764,-3.470555,-8.415842,-6.957211,-3.5460427,-8.051759,-8.964918,-8.427482,-10.5642805,-10.785658,-4.6954694,-8.631641,blues
42435,1719.4633657482495,3782.441190998405,-121.38979,122.49833,-14.734729,46.122135,-8.179258,20.172466,-19.171894,23.036839,-11.832729,21.154655,-6.7227974,6.989506,-12.730549,5.0585384,-5.1858063,-1.4536041,-7.042629,2.694213,3.4095309,-2.7137442,blues
52454,1817.2305903199676,3943.8319655416185,-213.26424,115.16476,-11.69817,39.015358,-20.34833,13.082702,-9.182701,9.017152,-14.104312,4.2712545,-6.0507803,3.7858355,0.22263557,-5.1068816,-0.41015333,-1.1793448,-1.9147079,-2.2936609,2.8842604,-4.233879,blues
41721,1410.0234233871572,2765.967419971723,-173.81046,137.17355,-23.72303,26.979677,-16.67521,4.1947308,-12.571788,5.851669,-2.8769507,-1.1783808,-1.9682404,1.8011796,-3.0069504,-1.8669492,-0.7912434,-3.0062358,-0.43072954,-1.9965144,-0.75010407,-5.0069656,blues
29109,1352.7427099786896,2880.9110920279873,-287.9319,124.01078,5.4674478,33.66307,1.091654,14.703699,-4.8811417,8.668892,0.78433156,6.57608,-4.8758154,-3.1767612,-5.538258,-6.779148,-2.6465132,-2.9903204,-3.3829944,-1.8589838,1.839186,-4.8913555,blues
45789,1360.685601396563,2738.8302548578886,-207.2383,132.82741,-15.45408,60.980972,0.71902615,12.4613285,1.1633849,-1.5329198,-17.89585,8.360363,-2.459651,-0.5846392,0.37226456,2.5984128,-5.186428,-9.530309,-9.2374735,-2.8471038,-1.4193835,-5.9333534,blues
34067,1324.5278253934111,2711.4849187935033,-209.80392,124.46476,10.309393,47.016357,6.478226,15.41512,-2.0159416,6.7262187,-21.543222,10.720835,-5.5328465,-2.1957276,-3.0491858,8.643512,-0.30701312,-0.63291776,-2.9335587,-1.7062988,-1.7673149,-7.755139,blues
29849,1171.9674317528452,2344.9874700913574,-305.66437,113.07102,12.107334,45.052197,17.734386,14.590071,4.147996,0.22631137,-7.021588,13.646477,8.91421,1.3037988,5.9549785,8.547472,1.1196223,0.59824127,0.060842562,-3.7137508,-0.9935343,-1.8043832,blues
42214,1420.4385715704166,2930.239280470563,-238.51962,120.10219,-4.2219477,42.294594,5.923822,13.911398,5.350524,1.8952672,-16.92809,12.343145,3.9388995,-1.3966831,0.013027749,3.585257,-4.500639,-5.5398455,-6.8845096,-4.824554,1.7439975,-1.8783106,blues
40657,1455.0726343996485,3010.010388721723,-233.77281,120.66434,-3.1640923,39.514828,3.8315244,18.828156,-3.678738,4.4254684,-14.964929,17.571478,1.8461249,2.5500886,-1.2302392,8.437056,-0.2002477,-3.8908293,-4.4561353,0.011000738,1.294804,-2.0984619,blues
32027,1089.0053437267554,2135.41761075261,-245.68724,140.48125,-2.7912188,60.404514,18.903513,9.828394,3.563824,0.52286255,-16.378489,6.6293535,7.2584243,-4.021235,1.601125,5.8965745,-3.0172145,-4.7756925,-3.0362885,-1.9979147,-0.049571756,-3.9618294,blues
37202,1537.49138675598,3495.331815998405,-252.48178,104.94516,15.296445,42.68784,6.770452,21.611765,-1.3111783,5.681745,-16.636873,12.16935,-1.9619533,1.9602653,-0.89822775,7.7623606,2.3758616,1.7791145,1.3305403,3.6150515,4.9066,-2.6610513,blues
39029,1195.4981307417586,2235.6144526718385,-236.67947,138.4056,-4.9304795,47.6545,5.1578503,8.887806,0.48740557,-3.788342,-14.984867,10.428946,-0.34138432,0.7833588,1.7809839,4.2295594,-0.4747693,-6.104543,-5.394643,-1.3449988,-3.725463,-4.37371,blues
34865,1390.3828144597217,3006.1467358794953,-230.36378,127.07773,7.1146965,39.767056,1.9217217,17.410606,-5.626918,8.2406645,-18.116041,13.844725,-3.7571113,2.579849,-4.3167143,6.797995,-6.167014,-6.2006335,-4.5018964,-1.8255954,-0.51591,1.5071843,blues
31736,1046.7751265628158,1831.2215641313805,-264.67126,138.85434,11.16733,48.52393,14.904312,20.586437,3.2061763,1.2635794,-15.839374,15.975112,3.358218,-1.5066409,1.8969209,6.3134995,-0.99598384,-2.4147837,-3.6791573,0.4992717,5.0440598,-0.7863168,blues
38800,1155.8692569677266,2169.63258818518,-233.96312,136.14453,3.306636,48.930626,8.705184,13.989511,5.3627157,0.4101892,-13.483557,16.860369,5.134752,-2.2307272,3.9538214,5.3132124,0.807943,-1.1003898,-4.5396314,-2.4259493,3.324436,-0.6058455,blues
34770,1210.1413909563544,2521.9827390878772,-227.2558,137.76518,-14.502318,63.57536,5.6017485,11.988768,1.8891488,-1.8709356,-7.618035,-2.4516425,-2.8980217,-9.433825,-10.939208,3.5636466,4.152738,0.094712116,-2.9802275,-1.3866448,7.5348935,-3.0437849,blues
31325,1120.1665690448087,2324.212009226363,-274.37683,130.40738,-6.357468,70.38822,13.269664,9.47218,7.7330894,-1.2365489,-0.5709879,-2.2971628,3.7794154,0.08548226,-0.9368571,2.2968419,4.289634,-1.6617897,-10.439051,-6.7934256,-1.0635625,-1.5890816,blues
34257,1109.3207632048684,2243.3167778422276,-249.31532,131.00032,0.6778699,66.704155,17.911272,4.623277,6.603809,1.2421157,1.4099408,-1.5849271,-0.9725388,-3.5726156,-2.9297993,4.5961614,7.480731,-0.19306444,-2.8259156,-2.6829553,0.74113846,-0.5292367,blues
34438,1198.8570181145512,2478.8330644576567,-284.64056,108.80131,9.085324,51.198055,18.071894,7.6021533,8.755716,2.3540907,0.0033667048,2.2484963,4.1991243,-3.283063,1.6176822,2.679472,3.3437946,3.2793777,-4.5331836,0.48806825,5.9214964,3.2215705,blues
48022,1392.0263573819868,2811.740048578886,-228.20981,130.32317,-23.311424,70.20095,1.1310545,7.584427,0.9005107,1.9828154,-6.1644154,-9.382748,-2.56378,-4.5257525,-0.2604645,0.17552154,-1.5229119,1.4664072,-6.979135,-8.328394,4.236806,0.9886392,blues
31835,1115.589479556315,2290.6881593496228,-248.98882,139.05774,-16.27087,57.137146,20.188507,10.186956,4.5429106,0.33107185,-7.8745785,-3.4545712,-2.6574361,-2.8329575,-0.90465844,-2.4093251,2.5699363,-5.852057,-12.404833,-7.3133807,-0.93787175,-2.6867254,blues
35042,1648.8848320568998,3760.300128697796,-233.72897,101.19028,17.647951,23.734175,2.082544,25.9364,-16.956388,15.084955,-22.273956,4.3816123,-23.201658,-6.05058,-5.0679283,1.0592706,-5.7868657,-8.313065,-11.38215,-6.724382,-10.0169525,-14.028803,blues
26087,1379.023680302829,3015.6143507105567,-206.93233,117.80414,23.241365,28.308992,-1.126013,18.867393,-21.973022,17.844067,-25.595348,2.139523,-17.782476,-8.011028,-17.610441,-8.119411,-8.629656,-15.530965,-15.322778,-9.662424,-10.0919695,-17.832165,blues
28463,1330.6062681196108,2898.630603338892,-221.87302,110.8554,18.636082,30.92296,3.296436,22.585636,-20.40369,12.121833,-26.332514,-4.367301,-26.395552,-13.04718,-12.667626,-1.8228296,-7.255052,-6.657476,-14.686026,-11.712328,-11.020865,-13.38948,blues
26106,1309.7746511778676,2765.2346582257833,-288.7327,105.90115,18.776207,23.682646,5.6820407,25.54894,-13.463248,12.437668,-11.963671,1.5746145,-15.640524,-6.632071,-11.693039,-2.926763,-7.375716,-15.69388,-10.976883,-10.892729,-18.505384,-19.104548,blues
27823,1430.6028401168035,3246.1678418648494,-238.96988,108.68233,34.158813,30.20716,-0.4982215,27.279755,-21.377928,14.166391,-24.509224,-1.8904003,-28.051817,-11.25711,-16.457558,-7.6354294,-12.788069,-15.356443,-13.739163,-7.4004874,-10.083454,-13.290667,blues
30295,1537.076162207255,3602.40662612384,-217.18364,105.78522,15.602849,25.24884,-1.4500508,30.19327,-17.716621,17.319042,-27.213606,4.338282,-20.0573,-10.700285,-14.228785,-5.155776,-3.4822617,-6.1949677,-15.323166,-6.8316145,-9.825101,-13.942624,blues
30103,1507.1579852132668,3405.5518484447507,-171.79478,120.28173,15.331755,21.094315,-5.3954434,24.185543,-24.130846,18.545135,-22.342924,1.3107387,-20.765268,-4.991692,-17.108126,-7.874078,-15.293675,-9.349588,-8.917147,-8.521505,-14.332618,-19.928354,blues
24464,1247.5800476882744,2621.496780289298,-200.18538,116.348595,17.990738,25.287697,0.28717074,24.193771,-22.253931,11.182934,-26.854319,-7.637254,-24.876745,-12.010829,-17.024942,-8.125703,-11.95662,-12.614473,-14.187262,-8.2080765,-15.015217,-10.310198,blues
31932,1188.4732077014146,2339.8331573557134,-328.56018,102.709816,19.872597,26.714405,7.1520658,22.708387,-6.9570885,12.789707,-10.729283,-0.4425992,-12.386709,-8.909131,-9.215009,-9.087684,-8.995918,-7.6505113,-7.2106442,-9.389374,-4.4802666,-3.671359,blues
29407,1514.1569584732365,3451.7991068191704,-192.69032,111.157486,21.351843,26.396648,-0.6495015,23.48705,-25.476698,16.92198,-16.971931,5.785404,-25.736197,-5.0530744,-17.632252,-7.9180593,-15.15891,-12.352484,-17.237364,-7.785286,-13.0390215,-17.93637,blues
23406,1151.3104954192079,2312.1797282845127,-301.70804,111.53328,21.896053,16.15057,8.198791,22.081917,-8.601798,1.4827532,-17.077759,-8.343712,-17.010778,-10.576027,-15.687029,-12.606835,-12.262773,-14.563126,-10.112008,-5.792038,-7.775544,-7.1875286,blues
64747,2272.4696395362157,5108.157072487674,-110.285034,90.71587,-2.5352986,74.0649,-11.763082,39.210945,-13.171311,20.544195,-17.162983,12.81397,-21.437147,5.957196,-8.026906,4.240609,-16.484734,6.549281,-5.6958103,-3.63849,-4.8583665,1.8528223,blues
67763,2390.4218131952507,5403.593285509716,-107.203255,88.49289,-4.1719,55.477848,-8.0177145,38.413597,-6.4136605,28.57575,-19.81994,13.244698,-19.248566,12.076122,-4.582267,3.78424,-16.988953,11.621647,-7.3614445,-3.6652527,-7.1768236,1.9731815,blues
64829,2301.576917251487,5187.511838837732,-159.5804,69.80602,-4.402107,76.845116,3.9148974,45.175888,-4.860274,32.20158,-9.805074,7.809358,-21.826738,9.69575,-2.5847607,3.310845,-14.973028,10.230251,-4.087701,-5.848176,-2.4740317,6.6542907,blues
57782,2155.845202511205,5011.532444079901,-109.1407,100.619644,-8.666454,47.35473,-6.568465,39.617756,-8.521924,29.572609,-16.594837,13.170881,-24.213415,6.5830193,-8.652447,4.9302616,-15.440971,1.5342579,-6.7545257,1.4151897,-3.9717412,3.2871604,blues
61300,2279.0311186738,5198.686455463312,-109.53125,86.9288,-8.606026,64.480484,-6.302876,43.645935,-8.295385,28.543201,-14.081492,8.137969,-21.48412,11.087112,-5.095304,3.98011,-12.861201,12.336353,0.017294994,-0.74249184,-5.134484,3.2994611,blues
31848,1739.1187836453275,4551.058301460992,-163.24342,89.783844,12.974767,80.69835,3.6637852,39.734093,-5.409266,26.490929,-13.169032,2.7055442,-20.547697,6.0114055,-2.9064913,-0.43132123,-17.537825,4.16445,-5.9858313,-7.8653197,-8.567486,1.8536397,blues
38758,1913.0130744881128,4777.714832420968,-182.60481,90.67421,14.124648,67.552986,2.6751468,38.430412,-8.419176,24.123713,-13.794528,4.8405757,-16.67912,5.8271174,-5.1463914,0.19292586,-14.491466,6.862848,-4.4426827,-2.9876113,-4.8196287,5.403775,blues
49913,2013.0124614921497,4848.792721777118,-149.96422,93.663895,6.347333,71.49793,-8.129108,36.19368,-9.783754,17.647097,-21.112295,-0.13059253,-22.204636,5.426575,-7.464398,-4.3298597,-12.407085,9.623547,-5.024197,-3.7060933,2.3371365,4.1607966,blues
65444,2148.12910424686,4672.105545787413,-106.39663,102.66919,-20.160872,59.366917,-9.9604225,33.702366,-14.187068,23.52456,-13.328019,16.00551,-18.926493,7.8249474,-7.7978344,4.040652,-11.352144,2.0696383,-5.736971,0.46918023,-1.9118732,-3.134414,blues
26479,1318.611850967703,3046.5652076384863,-255.96312,110.83974,21.46607,67.558914,4.2955728,43.095005,-4.5027637,10.435257,-8.718684,1.650306,-20.581207,-2.4358413,-7.146028,-11.169808,-12.609449,2.7359972,-8.942252,-7.9447265,-2.3537965,-0.71453446,blues
56863,1945.2525226826747,4174.460398238109,-83.02949,107.10441,-25.338032,57.1057,0.079835825,34.69768,-11.060306,20.544292,-11.203026,14.825527,-10.235623,12.548191,-9.764642,2.5628443,-6.2880325,3.0061862,-8.714562,-0.33176586,-2.9872,0.7050283,blues
70639,1977.0957176055506,3943.357335774362,-55.631004,114.9514,-37.04922,64.900314,-7.1699824,15.256332,-16.247622,18.646315,-9.762152,21.460814,-5.662462,12.79181,-16.540876,3.7969823,-7.9076304,8.472277,-4.0752034,3.2032907,-5.1877713,-1.2790169,blues
44526,1443.7501131951292,3070.6131158461426,-225.26271,117.62649,-14.538812,64.79437,12.911809,19.036669,10.670199,9.886924,-2.3937402,11.683764,1.5412838,3.0635996,-7.6256146,-8.957072,-4.3462014,-0.06465927,-2.5570843,-3.443867,-3.8725183,1.3121445,blues
88052,2171.395742370527,4237.303044790458,-76.74659,105.751114,-43.19778,60.959892,-8.785326,21.246374,-12.868538,18.610828,-11.409451,14.548587,-6.0564647,12.733197,-9.375089,1.3552763,-3.620528,7.000211,-4.065216,-0.27187514,-3.706461,-0.49440083,blues
68535,2030.61703868765,4063.222169101653,-57.94168,109.0066,-36.21867,64.044914,1.4201567,26.318415,-17.484892,20.42565,-9.550732,18.168364,-6.064984,13.87447,-11.29574,4.6680374,-6.4108768,3.2184381,-8.080516,-1.7162848,-5.4286165,-2.5797899,blues
74951,2031.993384654355,4023.536459088602,-98.771095,104.79962,-35.097168,60.695198,-2.8405914,22.22947,-7.831078,19.035414,-11.572287,17.017876,-5.3780265,12.197646,-9.955082,0.35537425,-4.2638063,6.1363654,-4.823618,1.4952294,-1.4962364,3.505474,blues
50057,1811.548597685105,3927.985992785673,-145.29242,102.850784,-12.567544,56.993618,2.221108,26.614082,-4.298428,17.341423,-8.016128,15.237472,-6.948761,7.4706593,-10.477943,-2.3457482,-6.792832,2.6741998,-4.7882075,-0.9448771,0.021900883,-2.003514,blues
59632,1886.9577813598778,3828.2471269576567,-92.73328,115.32343,-35.068226,57.875343,1.8522309,26.61314,-14.536868,22.128332,-8.207463,11.016058,-5.6494255,7.278642,-10.204165,1.3267536,-4.1071086,0.9749937,-6.5528083,-0.6891604,-2.1258135,-1.5101185,blues
69150,2068.3321715923803,4231.815658533933,-95.44059,105.23433,-26.953482,60.816486,-4.854668,21.54347,-13.520524,12.13553,-20.231928,12.156194,-5.2262135,10.267819,-9.459799,3.8689911,-10.188684,3.5827923,-3.1101313,0.20062785,0.8418171,-3.4198139,blues
94245,2235.5723886035353,4389.459355967228,-86.268684,91.95878,-23.41585,68.26197,-3.8848531,22.747063,-9.897946,16.88897,-11.390698,18.429132,-7.012551,10.759532,-11.943846,0.991791,-5.9280124,5.316061,-6.1359916,1.9500208,-5.091172,-0.6716707,blues
64562,1946.448570808695,3955.7143633990718,-67.761024,111.7113,-34.646255,61.31954,0.04420201,30.56148,-12.693844,21.164927,-13.122508,16.284252,-6.3370166,12.300311,-12.475308,1.6777147,-5.1477866,4.648344,-6.9102273,1.0541182,-4.730588,-0.6605825,blues
111011,2503.937744726624,5077.364425482164,-82.52998,94.164505,-27.112604,75.65927,-27.521809,35.577274,-20.30349,25.112028,-15.370209,11.353972,-13.391486,8.14732,-8.500546,8.289691,-10.354396,-3.4710376,-5.2286587,-2.586173,-8.361181,-6.984574,blues
77661,2280.154186434082,4732.98305856656,-144.92339,95.732994,-21.616442,49.62627,-29.88752,29.351145,-18.850819,17.902308,-9.670824,5.516722,-9.557408,6.359987,-21.088718,2.4660544,-9.539148,-1.4058187,-9.312422,5.1551495,-8.118465,-2.4402163,blues
102353,2839.8868647531226,5711.47812137471,-129.15756,72.09806,-7.7710886,49.25128,-32.72323,21.60696,-27.37162,15.001658,-10.260744,12.431697,-17.031103,7.1205482,-18.018095,2.9243608,-14.481514,4.0730195,-14.528057,7.258471,-8.21289,-1.9991802,blues
97306,2553.361072844356,5148.284104915893,-85.13846,88.807526,-16.32557,59.228165,-35.98338,14.397045,-22.296473,9.660773,-14.823983,11.181689,-14.806866,8.475102,-19.587511,6.415234,-13.781304,6.1189365,-13.149335,3.9346714,-7.615674,3.753453,blues
96948,2816.3627739513495,5613.737696671984,-118.35662,74.87531,-19.86609,46.94456,-32.559826,23.820112,-26.35521,17.678152,-13.824853,11.931674,-17.888666,7.5392737,-22.89513,4.7638674,-12.789288,5.6152854,-14.7285595,6.676352,-9.173862,-2.2358475,blues
80723,2340.734161210057,4972.721052059164,-116.60201,97.43107,-13.891732,48.967636,-22.59646,27.759014,-20.245163,18.638863,-14.6395855,8.482747,-16.644682,11.017631,-13.866874,9.734926,-5.1067657,2.636182,-9.879659,6.151771,-7.694128,-4.8331757,blues
74677,2258.1151496918774,4754.616183747825,-95.46357,101.38746,-20.677706,48.668915,-30.248262,20.807701,-18.291418,14.138235,-12.79949,13.443616,-14.068502,7.7323503,-19.215458,2.8566134,-9.819336,6.9123664,-11.297558,8.940816,-2.9511456,-0.9717592,blues
89535,2513.345357580177,5246.740637688515,-113.20137,88.7261,-8.926565,49.474174,-34.579094,15.856428,-17.74022,14.70729,-11.190547,15.368716,-15.0683975,8.74908,-18.629265,5.456196,-9.2695465,8.014036,-9.542045,5.8658543,-4.400539,3.6217515,blues
82923,2371.309053037537,5005.187393507105,-121.47392,96.09719,-19.590857,48.038452,-38.78463,24.768978,-32.94141,8.102541,-17.818922,6.1178603,-19.995438,6.80034,-19.33321,-0.10917249,-12.25394,-4.9236603,-10.414173,-2.0453281,-1.7603426,-3.9544346,blues
65186,2159.3982770102075,4684.512534440255,-133.04897,105.73889,-22.158222,41.830692,-26.992502,19.118574,-26.566029,19.235983,-15.342011,6.989914,-10.814381,6.7986693,-11.726956,4.3977103,-6.0319624,1.9630643,-12.314546,3.256975,-8.806516,-3.3691108,blues
89235,2429.004094153088,5065.090666237674,-89.39791,93.79924,-14.558413,54.38949,-33.50723,19.428232,-19.761513,13.029956,-13.864508,14.617379,-14.972617,10.598986,-18.020245,6.659176,-10.210893,6.535371,-10.852218,3.325134,-6.184798,3.009296,blues
85597,2594.754688324256,5659.768457257831,-118.70432,87.64562,6.5529914,45.102318,-38.91159,20.823198,-26.864548,13.807368,-17.236187,5.111261,-15.712021,3.9887707,-27.53658,3.0563989,-15.962014,10.867272,-12.656353,2.818681,-13.342627,-4.367504,blues
66632,2094.77779293329,4482.603366081787,-30.126768,103.738075,-19.742794,56.41043,-12.707871,20.187708,-17.338875,16.300972,-18.438002,8.925146,-11.655669,11.209243,-8.847433,9.09779,-3.572931,4.3794627,-2.8248992,4.7203135,0.4887798,1.4746345,blues
80126,2515.4635686466004,5770.831822795823,-56.005306,87.85133,-1.6130452,41.199356,-5.6183295,27.792627,-23.99084,21.776114,-18.41947,12.326554,-13.7120495,11.851395,-3.974117,7.1018496,-4.469164,5.1157055,-6.6473694,5.869248,-3.7021832,-1.9599464,blues
71883,2224.0145847370186,4700.258585139936,-86.491806,92.72617,-15.342206,54.05328,0.8746949,31.574251,-14.615236,23.328945,-14.971667,15.337374,-7.053953,12.179845,-6.0996003,7.03196,-5.805507,7.4373384,-6.083114,3.3929815,-4.2883315,1.2357911,blues
90453,2645.724694727559,5612.422056264501,-52.707645,74.45461,-18.709469,56.292683,-3.9566317,31.991102,-16.460794,22.406431,-12.25808,27.22263,-9.23979,7.799893,-10.568794,6.9374247,-9.13117,13.01696,-9.856919,3.691295,-4.9426136,4.4164157,blues
73923,2207.139189553156,4658.224706804669,-28.989244,104.531006,-30.983423,38.162056,-8.009196,30.894712,-20.60816,25.823612,-12.974684,16.943222,-12.2729435,10.787743,-10.56656,6.8798337,-10.299989,6.9615793,-10.2633505,0.7075954,-6.008073,1.3531219,blues
82054,2333.552481847397,4942.777742531903,-2.5430133,101.26548,-33.930927,41.52805,-13.817938,31.923836,-21.876541,24.470268,-15.874413,15.808346,-14.370209,12.514341,-13.378112,6.1200833,-9.062334,5.044607,-11.335097,3.1728878,-4.5773325,-4.0349927,blues
82626,2442.9412574440207,5267.915786778567,-3.5798953,92.929634,-25.082928,45.1795,-10.856173,31.8634,-18.04439,28.626354,-10.2277155,14.668069,-14.905226,14.741958,-15.603514,9.546685,-14.794422,2.0718617,-13.811246,3.5728886,-5.967709,-1.6463124,blues
62332,1827.2572925351535,3743.613145301624,-54.706253,119.48301,-34.87408,37.540634,-15.880536,22.081293,-14.661809,18.532047,-9.647198,11.256582,-11.729359,11.540745,-6.4318557,1.7925242,-5.8779697,0.38042614,-9.064894,-2.0241988,-5.4177175,0.03243188,blues
84361,2116.897367131139,4195.785430412558,-27.024073,107.31879,-46.839245,40.927616,-21.476635,24.832184,-18.939482,15.274643,-15.052192,12.273417,-15.24018,14.332184,-13.839795,7.561914,-6.183376,0.34047797,-6.8312535,0.9746762,-7.566382,2.9241471,blues
69669,2141.54077387295,4628.506221904002,-29.367115,108.666985,-25.570353,38.4609,-18.340786,21.792147,-25.148396,22.39537,-17.588984,14.681227,-12.085815,5.48115,-7.6935263,7.3994966,-11.3165245,7.225638,-9.477632,1.937944,-6.332122,-1.3043138,blues
78167,2315.0211651605982,5036.6212070403135,-19.882248,98.88733,-24.475315,49.579945,-16.198492,30.193226,-18.027517,27.552814,-11.407699,14.870685,-8.914958,11.668756,-10.89321,9.306094,-5.837179,9.250598,-4.0489554,3.2507443,-3.4668038,2.3781438,blues
75125,2060.841879871985,4220.299641549449,-39.007614,112.05693,-31.819199,38.235607,-6.3202114,23.32046,-18.772533,23.931017,-10.932699,13.236961,-14.371818,13.3270645,-10.916337,9.787895,-5.028812,7.2118764,-6.7411304,2.6567485,-4.386095,0.41240847,blues
39357,1311.9502873255815,2636.376839834687,-180.20891,131.43243,0.60078645,43.153095,14.135329,25.614765,-5.311873,12.027975,-13.535558,-1.105728,-7.6164737,2.714974,0.77835846,1.9962183,-6.094793,3.4817271,-8.328654,3.2164888,-0.92289615,-2.2503347,blues
32354,1245.686418627217,2518.152393597738,-212.79181,139.06325,9.446759,35.453796,12.697431,20.420673,-5.582625,10.889944,-8.73331,8.059619,0.16372366,2.6487746,-1.0296488,-1.4043939,-4.7083907,1.137666,-9.471993,-2.188778,-4.098906,-3.338622,blues
33716,1441.6808066244814,3082.603762597883,-155.5764,125.66273,1.5785835,45.839695,0.9277812,25.383114,-10.812056,15.5590105,-11.919289,1.2735379,-6.6728826,-0.78441757,-7.74382,0.41913214,-7.0246973,4.010106,-6.263391,0.9611183,2.0125465,-5.731015,blues
21245,1006.8718292163003,2075.0064009026974,-194.2843,151.84703,-1.1988219,39.188103,16.589046,18.247795,-1.3970139,14.86903,-11.620167,2.4414866,-5.081939,3.9376056,-0.89880383,0.636562,-8.35749,-7.5180163,-8.050082,-5.4131174,-2.5337296,0.12855896,blues
17003,798.6570145054351,1456.1058380764212,-346.85635,139.25108,24.052633,22.281025,18.663773,11.662003,9.016559,6.970993,-2.0330267,5.4127927,1.650389,-2.3577814,3.2000823,0.6987717,-3.099908,-2.1074765,-2.2101092,-4.580332,-4.7331815,0.06721328,blues
38549,1612.6456366689215,3468.7358953560033,-177.56758,115.369,9.970585,54.043877,7.624312,28.312319,-9.054929,20.04951,-15.044513,6.2095737,-5.692567,1.3833519,-5.8288145,5.013945,-0.7512551,5.0595355,-5.085073,-2.8075423,2.42445,-5.3781104,blues
23894,991.4865888836941,1943.7254726471867,-236.30539,161.68063,-1.1661638,27.27869,9.586513,20.620241,0.2274404,13.798597,-0.5090394,10.1752,-4.4575567,5.5087075,-3.7265837,-0.8961917,-4.9078717,-2.8703985,-3.7563617,-3.347305,-2.4162548,-3.7818198,blues
21414,918.6809998407423,1602.5332846940255,-332.2246,128.08928,28.80515,41.830193,31.214472,23.334787,5.7841125,9.001364,-3.8817165,3.731323,-0.87422895,-0.43919,1.4851279,-1.5689238,-0.8338709,2.1711133,-3.88984,-4.1953926,-5.925874,-3.4450047,blues
14380,570.3499043432637,929.3001037739269,-350.35263,169.53174,31.771353,16.71844,28.658945,19.24618,7.845076,10.037886,4.740645,2.9217067,3.900229,1.8129543,-5.969145,-5.2570925,-0.23415942,-1.7799479,-3.7090912,0.1728122,2.071619,-2.8897855,blues
33708,1239.633448229211,2519.268189892691,-206.24908,126.61618,10.596903,43.21016,12.49674,19.42537,0.3583888,12.735203,-4.5791903,4.0611596,-4.404285,3.6691213,-1.455245,-1.6959771,-7.153681,1.184595,-6.2277255,0.5984517,-1.6083214,-0.53992075,blues
37878,1388.6328937868568,2754.9426864305397,-130.57875,139.96141,-1.2822771,39.306225,-6.344084,19.768293,-11.21256,27.240303,-16.548758,7.028904,-1.1964594,1.6060344,-6.6385465,4.95183,-1.6334735,0.9522273,-4.848659,-5.972907,-2.7949822,-6.488082,blues
32005,1132.1718112289975,2065.0724831424013,-314.57837,139.9112,11.90393,30.14179,-7.5424266,14.91705,-2.7015827,6.727816,-6.366219,2.8079293,-11.728743,2.0779727,-11.439269,-9.500207,-15.178787,-9.341353,-5.6779017,1.5691386,0.8925367,-7.957678,blues
29564,1236.310511932634,2603.544117513776,-148.64699,145.77013,-9.366609,48.437965,10.546017,18.008686,-2.6387382,16.953346,-11.500734,8.72578,-8.186317,3.2097275,-0.681634,-0.73274666,-6.821222,-3.9349344,-15.736574,-5.607584,-5.7882395,-0.03701006,blues
85119,2310.352907875942,4829.0914230169665,-90.67999,100.10962,-23.938423,52.602547,-20.93744,31.501324,-11.228661,20.089375,-10.902471,17.561745,-14.096043,12.994767,-11.434561,2.9265368,-12.022622,4.8139405,-11.161119,1.1606071,-3.924116,3.2413106,blues
49540,1538.5123663009883,3174.357190762761,-177.25548,136.2347,-26.89329,36.36897,-18.752977,20.8976,-1.767474,3.0104692,-5.596907,5.6413455,-8.101526,5.6564813,-10.778818,-2.4206405,-6.940101,-2.5174768,-5.2101035,-3.413552,-3.261252,-2.695705,blues
65096,1505.3574607063904,2717.238763866734,-268.21857,135.68166,-34.056377,25.616003,-12.971723,17.903263,-9.99086,5.634088,-14.143673,7.4931846,-3.9764395,8.258308,-1.3336012,-0.35799503,1.0361009,3.7968225,-0.31847075,1.773055,0.8887212,-0.8350777,classical
58181,1361.0064861367407,2389.011462713892,-324.09128,133.56267,-25.030157,24.55361,-11.93992,17.658503,-5.5186734,1.7168901,-10.575926,-0.8605745,-7.80522,3.5297625,5.0546646,1.3707236,3.0050094,-3.1251519,-4.289579,0.59402454,2.877037,0.37455818,classical
59685,1490.2748103209542,2785.4189135912125,-235.30266,141.11952,-34.68189,30.97919,-16.402012,23.11808,-11.041572,7.6543593,-19.016834,4.2267823,-11.835753,8.917746,-1.4451485,4.2909236,1.4704618,3.179141,-1.3147044,2.9452567,-1.6585301,-2.8946586,classical
72207,1526.6289317694689,2916.150270537268,-326.89743,127.400604,-30.596176,37.471397,-5.2961755,20.813564,-1.7786855,-4.6154566,-4.0401983,5.2422748,-0.6424488,2.7945673,7.2292066,3.9706955,-2.3921704,1.4881846,0.5893413,-0.59301835,2.34307,2.6382525,classical
74801,1705.7912693068988,3175.8060605785963,-259.95258,118.92713,-35.608337,31.969566,-16.524868,10.618955,-15.653264,7.425692,-5.8241606,8.26638,-17.991137,-1.1879281,-6.356529,2.754268,-2.5846868,4.4022484,-4.126775,-4.7860994,-4.7787433,-4.6025324,classical
49845,1431.0801473589145,2836.06274244127,-264.33557,138.1797,-30.096487,37.83662,-7.1731243,6.7740793,-11.809729,4.7056303,-9.825993,5.859127,-9.563163,2.6768575,-4.788712,-1.4070551,-2.0916636,2.973293,3.3565185,4.810774,1.757385,-1.8323591,classical
48313,1372.6940993062535,2737.930956351508,-295.8206,134.53781,-22.434929,40.75837,-5.8729753,9.266152,-11.873936,6.287886,-8.864132,4.402294,-9.374512,4.060037,1.6421571,5.1347084,5.426003,2.2642205,-1.8280869,-2.9272993,0.14413223,3.1980677,classical
48462,1358.995444591676,2668.2852831351506,-286.7648,135.92358,-24.43564,36.65812,-6.240166,6.963425,-8.172439,3.8363295,-4.407772,6.43176,-4.1324863,1.5559709,-4.3460455,-3.0125496,-0.016203582,5.6396313,3.425168,2.8352242,1.0982251,-0.2922132,classical
52213,1516.8489135098084,2974.3215609592517,-292.093,127.76223,-29.910954,37.434177,-9.569949,5.109292,-13.825463,7.040886,-7.0332546,6.498645,-9.904662,4.711042,0.36506924,1.4664495,3.4063017,6.0794387,0.9566002,-0.7607289,-2.102644,0.75534797,classical
37272,1216.3713862548866,2560.7691505945477,-356.10693,139.79785,-6.2831244,43.18759,-8.871487,11.056036,-8.395702,4.4202566,-8.280071,8.684677,-8.132967,3.4333065,-1.4450535,-0.41593614,-1.7238504,-0.2988874,-0.663111,1.1574035,-0.6188701,-0.25522977,classical
57151,1497.5036379557728,2868.703947487674,-315.01526,128.71162,-28.93394,30.832693,-8.987341,7.994575,-9.845814,1.4287153,-8.980799,6.0593615,-3.308112,7.6189456,3.8063476,2.9302814,1.8181534,5.1859035,1.0748725,0.14475301,-4.5327697,-2.3237264,classical
40291,950.1801498123438,1697.3176818989268,-385.35327,177.20355,-9.33685,24.37912,5.7992835,-4.5660625,-6.359218,-6.9494734,-4.122529,3.8736925,-0.33930957,-0.9373086,-3.6557693,-2.085358,3.6453395,0.7204467,-1.2326814,-0.734855,2.8068604,1.5366431,classical
43736,1180.532489579889,2154.8524506960557,-362.7318,143.90761,-19.005598,30.651041,1.0206413,0.2722509,-7.991961,-3.8471584,-8.934133,3.276335,-4.4292364,3.662749,4.925432,3.2560022,6.345394,6.0740185,3.8495479,-0.252552,1.1743844,1.7957978,classical
53599,1388.1392652864279,2598.6645904328598,-343.14352,140.10466,-20.919518,32.316124,-3.6832788,2.940859,-10.663066,0.3106308,-5.795961,7.683308,-3.6783314,2.5477433,-3.4992898,-2.2351356,-0.8219592,0.8768778,0.458696,0.93686277,1.869808,-0.6352043,classical
45366,1279.5154518760598,2389.161345798289,-324.6393,147.81375,-31.926256,27.40502,-4.50231,-4.168801,-12.59746,-5.130688,-7.7447653,0.8444135,-8.192252,-0.82764465,0.9923773,3.6696348,6.2068086,4.7327385,-0.016714098,-2.316767,2.2268496,-0.5663225,classical
50179,1371.4447397866718,2619.5566270301624,-449.5024,124.97929,-19.903538,27.45521,-5.7697797,2.218913,-6.560758,10.581615,3.3420115,14.3803425,1.979647,5.2490325,4.427051,5.064854,7.1590443,6.175631,7.153756,3.859791,2.6236973,4.94853,classical
31587,1054.7328870469382,1947.5391644612819,-482.57535,154.85045,-5.0330462,29.729904,-1.865562,8.21654,-4.778444,9.63252,-3.3466733,4.530603,-10.102243,-0.67018056,-2.44897,-0.16125083,1.8729064,3.4829504,3.385576,1.1102742,1.2721748,-0.66918504,classical
53725,1358.6023757855069,2417.539209777407,-311.5614,148.68465,-33.492855,10.352457,-12.897486,1.2300143,-12.900196,0.80692005,-9.733505,2.0582037,-5.113307,6.7274017,4.6117973,3.7775502,1.2801938,1.2478795,-0.0918995,1.4856895,0.37260413,-2.9981587,classical
46839,1157.8655404410115,2181.9063474296695,-405.63312,145.72554,-0.84949195,23.064943,9.217205,-2.6364684,-5.742799,-2.0792975,-0.638366,6.745994,2.7888033,2.4446676,5.083243,2.3878872,1.8648171,2.4982698,1.5298347,-2.2620564,-1.4387894,2.6199057,classical
38213,1185.144479442981,2290.6215446454466,-475.8085,141.50447,-8.465949,34.003716,0.51044405,6.037262,0.003852437,9.544265,2.1649942,7.102437,-8.052562,-0.115624756,0.76368,3.8647203,5.3222017,4.6679826,6.857529,5.392151,1.0648949,-6.4891334,classical
46256,1218.151449532055,2294.676714762181,-300.90747,161.12791,-24.245857,27.956917,-2.8630512,2.3890126,-11.268324,0.22309771,-6.8389344,6.093652,-8.139803,-1.8150442,-4.1209817,-2.0540931,-1.6026882,0.649431,1.4492865,-0.22696477,-1.2964216,-7.099172,classical
52714,1371.3948851433397,2570.2867264537413,-278.16513,147.88019,-31.550192,20.351751,-9.574066,-6.2306333,-13.595258,-0.6612344,-7.273572,1.0149179,-11.761826,-0.96557987,-2.2157323,-0.5712764,1.8589838,5.1364827,2.624769,0.82233673,-1.6447538,-0.099054344,classical
45365,1211.4313270307252,2237.3880691705335,-278.80756,160.00061,-28.392517,23.027172,-2.7092493,3.0009243,-11.297819,-0.5161018,-11.366227,3.1746962,-5.085273,4.348031,-4.0713315,-0.15422314,-1.6738685,1.6379045,1.0092883,-0.76324505,-3.8380258,-3.5458808,classical
29308,983.9717194029577,1853.1294749673723,-406.84668,163.08134,-2.3728123,32.416626,7.946261,9.632712,-5.45672,9.490358,-3.0608041,10.187205,-10.35241,-5.4048333,-8.054706,-2.0800176,0.38396126,3.4084778,3.5028331,7.3793283,6.4318557,0.18572582,classical
47471,1253.0323991502294,2292.7698688551336,-223.18733,163.25397,-34.412884,24.186995,-10.303666,3.2221324,-12.889323,0.80370414,-14.28119,1.6788578,-10.140899,0.23151693,-4.5584664,0.10235383,-2.858845,1.3568622,-0.33345762,-1.0612147,-1.0977973,-8.051071,classical
45269,1184.2726169813704,2139.4394735172564,-221.30133,173.31781,-37.445778,24.355968,-8.682666,3.3846245,-12.844792,1.0788687,-15.323445,0.42382595,-9.6230135,2.2883093,-4.490512,0.35830477,-1.4770246,1.8143004,0.22783744,-0.96970665,-0.48994067,-6.2580776,classical
54173,1278.5184064264047,2233.232976997535,-319.2353,143.68849,-31.174318,10.929484,-5.5593967,-4.257987,-8.956227,-5.5805836,-8.02272,2.3428676,-4.4802847,-0.3207867,0.96291196,1.1450093,-0.48385763,-1.2987698,0.13611397,1.4835701,3.703356,3.0668252,classical
35409,901.7378803065575,1456.4555652733468,-366.2604,181.60039,-5.51421,26.999447,-4.8282466,4.6016793,-10.550474,0.1555698,-11.136406,3.576607,-10.338357,-1.0807843,-4.597426,-0.4788384,0.8365723,0.24858987,2.124591,0.69812447,1.0243444,-3.0660908,classical
53754,1314.3992921506833,2398.803824227813,-228.95596,153.91904,-30.704666,20.802929,-6.0996633,1.1756067,-10.78928,-3.8661342,-11.594045,0.8672085,-8.299901,-0.71556634,-3.0778162,-3.406927,-2.615481,0.73381037,-1.9477575,-2.5170279,1.5672723,-1.4766955,classical
61096,1559.3040287546885,2923.1947755039155,-297.12802,130.24132,-30.590057,27.473576,-7.0638957,1.9754051,-11.136684,4.7445807,-8.7696905,5.404951,-5.3879395,4.456288,1.7435378,1.8900002,-1.3096609,1.0844123,-0.999034,-1.4764677,0.62399,1.1473346,classical
42234,1243.6691618651437,2352.889639374275,-315.7878,149.6681,-30.549936,23.213524,-8.68629,-10.101967,-15.724107,-4.0400276,-7.6393766,0.046328187,-11.144776,-7.673778,-5.8676133,-4.8578367,-5.1450534,-5.417841,-3.1697013,1.4593676,0.14227715,-4.1655474,classical
26135,822.613960961691,1434.531000761311,-374.00146,172.43169,6.4013906,20.147358,5.8632383,1.5984085,-6.7120857,-1.1907266,-0.2892056,0.33138114,-6.5567055,-7.3027678,-7.334053,-10.216206,-6.1444564,-2.4325745,-2.6761692,-2.2844439,-1.159599,-3.8186045,classical
24242,792.908888538908,1207.4498010622099,-498.6033,177.51414,11.2123165,27.632612,-2.8363297,5.0898414,-6.60016,-1.0522397,-4.139637,-3.0476694,-9.911628,-8.576438,-9.19357,-11.933369,-9.193133,-10.895907,-8.852391,-3.924742,-2.387222,-2.3032594,classical
36053,1128.3811388403144,2165.7939158570184,-429.07135,120.76842,-1.7005684,17.942797,7.7381415,-2.054263,-3.9395752,-2.5293143,-0.5850701,-0.80839604,-9.05951,-3.6882565,-0.97951883,-5.0015235,-3.8033564,-2.4000816,-1.8954189,-0.31558424,3.4095917,3.1324277,classical
48730,1369.592399589982,2655.1038985462587,-309.26334,138.65692,-29.71562,33.617283,-0.36966017,5.228342,-6.3285327,3.2850165,-6.703107,-0.68848866,-13.24687,-8.538453,-9.6672,-4.2925224,0.2574492,1.0208856,1.9134184,3.7180445,2.556779,-4.9365287,classical
40503,1016.2036313392136,1823.9772150522042,-319.72226,166.00253,-11.938701,27.27777,7.8312716,1.7412491,-7.853774,-2.4011252,-2.90487,-2.5207543,-11.3745775,-4.6163793,-4.492808,-7.44132,-5.5811224,-1.8771385,-1.2917659,-1.4350584,-0.5044736,-4.0975103,classical
39406,1282.327530288566,2441.9035378299013,-419.33255,127.41256,-3.7806556,23.201252,-4.313285,4.0386424,-8.204688,-7.614801,-7.0662546,-2.9135451,-7.399464,-5.427491,-9.091689,-10.606094,-5.734531,-0.39572182,7.0178704,5.5884614,-3.4727767,-5.181192,classical
62233,1533.6492783822134,2837.7197832076567,-275.4436,125.33516,-41.033215,24.599478,-4.762903,-4.2574043,-15.00206,-5.0420785,-4.9981613,2.4723501,-10.893561,-8.016089,-5.168352,-4.6150575,0.70932484,6.512027,5.9037533,2.6906645,-2.044421,-8.06236,classical
50275,1279.4808752537174,2378.020036524797,-275.9678,146.32536,-36.601395,24.209837,-2.5517094,-2.155176,-13.30885,-6.500922,-9.406593,-3.121519,-11.546325,-4.1899295,-1.6999393,-1.5386689,-3.2080784,-1.7669358,-2.253068,-3.546489,-2.9921756,-3.2846997,classical
72220,1633.5822990690463,3161.83362637761,-409.5085,116.79858,-16.184534,11.701641,0.68973297,6.0123076,-4.265308,0.49973604,0.43108037,12.586633,-1.1213994,-1.1413047,4.948069,1.7665062,-3.9037135,3.4967074,2.797977,3.1038718,0.661228,-0.24800964,classical
48124,1396.7128039097008,2652.764057062065,-358.75812,129.07834,-30.378685,19.878695,-10.365979,-0.6496009,-10.599926,1.5427625,-3.9666157,1.8717918,-8.833108,-7.169191,-8.212051,-5.9446435,-0.11743263,4.2815914,8.969349,12.804059,14.700518,11.517032,classical
52242,1329.4563631167568,2462.2959641458815,-368.52054,124.2544,-31.574644,17.583704,2.324991,-5.9451756,-11.797774,-5.5220284,-5.3968725,-1.3089094,-8.424349,-3.616905,2.2096312,-0.05545995,0.22812827,2.5134015,3.0935707,4.8399954,6.234296,8.736714,classical
62945,1326.2905913074405,2171.396349985665,-160.66153,164.26509,-48.74267,1.6567887,-7.6118655,-2.6635227,-11.042242,-7.000248,-8.0976515,1.2511176,-5.369692,-4.139391,-5.426859,-1.6659503,-3.0891135,-1.2498348,-6.086917,-1.02958,-4.1192474,-1.5024842,classical
33799,1063.3967230024298,1610.985025286398,-249.65216,161.55922,10.15452,-3.0576775,-0.57357925,-2.0703812,-12.19737,-8.612416,-14.639438,-12.04864,-12.293452,-7.161874,-7.8807273,-2.0839584,-2.911288,-0.86836743,-3.974402,-0.8909689,-3.990118,-3.8974125,classical
47535,1181.8840729236783,2033.66365012326,-402.20825,153.97675,-15.228629,15.294283,-3.0716236,-3.1837263,-9.759973,-17.305773,-12.305009,-7.9180746,-7.099395,-0.29572114,1.5226654,-1.4603269,-1.7256626,1.8572628,5.023853,-0.75402695,-0.1391443,-2.8488662,classical
41488,1176.94499389589,1903.8084622896636,-171.08478,156.89876,-21.833307,5.3263197,-4.0699153,-3.731567,-8.900291,-4.9369226,-7.900487,-5.3933387,-9.340079,-6.6050344,-7.78757,-1.3528191,-3.542935,-2.861669,-3.8928695,0.28371757,-3.4214509,-0.9098751,classical
73935,1878.4940039960795,3633.3658098897913,-85.30834,118.44306,-31.477152,20.282328,-4.4176335,6.9121923,-10.952412,-1.6223388,-7.3614726,-3.0186846,-4.4440117,-1.4172889,-4.2533975,-4.166459,-3.9732041,0.2807656,-3.393208,1.6940116,-3.680135,-3.4354215,classical
43978,1174.3248425254224,2083.7912150159514,-436.85822,154.08043,-19.861961,20.18266,3.1738954,0.45094585,-6.5277185,-4.608916,-10.058647,-6.156632,-4.53336,-2.7670467,-5.211671,-7.372307,-6.9970784,-3.2076483,-0.36467153,2.231454,2.5831912,4.4787197,classical
57936,1514.0972709769683,2767.1079847547744,-124.04526,148.59566,-21.581469,17.421335,-1.4155146,4.123947,-7.0207763,-5.1447277,-5.8456483,5.0245104,-6.226354,-1.9116533,-0.9001437,-2.4146566,-4.3259144,-0.87254643,-4.684666,-2.2506359,-5.178997,-3.2176042,classical
72481,2224.893839839112,4467.456319236165,-98.35358,98.3555,-20.49053,18.820034,-2.095781,2.665037,-7.3115172,-3.5901136,-7.989525,-1.9183744,-4.731997,0.6237761,-2.5930848,-1.4701573,-3.1693437,0.6580324,-4.818465,-2.2215443,-3.8104963,0.23409155,classical
32805,1170.256219652541,2360.475388812355,-449.5513,151.49677,-12.753423,44.259808,6.2501945,4.054499,-1.476217,-1.6236228,-2.4865205,-4.285676,-9.663299,-1.3531812,0.13567686,3.7148328,5.2865734,1.2183979,-2.290337,-4.1148243,-1.8152444,1.2281773,classical
39811,1527.645526468431,3220.8305240784634,-230.27237,119.15338,-1.0512242,28.384491,10.00878,16.125824,4.793946,6.192378,0.9515957,5.915187,-1.1755238,3.5739164,-2.0996544,-0.90729177,-1.8530504,-0.0061341277,-2.7977016,2.3327787,-1.4417099,2.738794,classical
84102,2411.5244665851324,4993.363283515806,-186.65797,86.64906,-15.726744,14.733746,-2.2077506,6.2551727,-0.89246273,0.6554031,-6.0940466,-5.2228494,-7.8795443,-1.7255487,-4.7003126,-2.047425,1.4354784,2.785728,3.313651,3.113331,-4.41042,-5.033864,classical
58815,1462.383564752607,2740.2111359458554,-121.83351,149.66736,-42.832016,24.485321,-5.4060426,10.664615,-2.8184378,0.7835227,-6.3980646,4.4740586,-1.2259257,1.2524998,-1.1988703,-2.4087775,-1.7273984,1.4172893,-1.3712164,0.9454134,-5.5679536,-1.9344245,classical
77472,1702.2478984991083,2820.988903306935,-108.06734,127.27673,-44.952744,31.253359,4.3463645,-4.9418173,-15.889656,14.6361885,-7.799102,-1.209764,2.820962,17.278034,-4.0977507,1.6709852,0.663156,4.612663,-9.879342,-3.2347622,-3.1057496,1.8729877,classical
39330,1079.788869141353,1764.6318404691126,-483.96786,144.165,1.3792458,8.070789,4.933558,-2.316337,-2.740416,-6.8436475,-10.15446,-8.070668,-7.157022,-10.55595,-7.773563,-2.9480884,-0.2637406,4.299487,5.307132,0.19258206,-4.547086,-1.8961629,classical
64244,1681.2723870866025,3078.3259073893228,-81.11545,129.04564,-42.44421,33.13707,5.685447,-6.503762,-2.2667923,7.401879,-18.70608,2.4765916,3.7434185,1.8843731,-10.075478,0.9861846,-3.5743082,-6.170132,-8.027796,3.7797046,-5.0546412,-0.8755277,classical
63102,1751.580959570636,3236.583651301479,-367.0708,112.819145,-18.745602,10.175582,-1.6043581,3.799532,0.925681,5.063905,-5.3709044,-9.514625,-8.494094,-1.7862538,1.28704,-3.8769355,-2.6494827,-1.0689511,-1.2830023,-2.5024,-2.5671673,-4.073552,classical
54246,1137.8827992580098,1821.3126268851508,-349.94827,161.8574,-3.3694615,14.163238,5.7316136,3.507077,2.9739194,-7.0916595,-7.915771,-0.36118254,2.8649027,-2.4754703,-6.782114,-8.829841,-6.667609,-4.9043784,0.108544774,4.257424,5.08105,2.6007574,classical
61802,1551.360860302342,2841.008884226363,-197.22751,137.38995,-34.15922,25.363321,-5.2644143,-2.7768812,-9.50855,-7.613304,-7.647625,-5.667732,-4.3843036,-5.424353,-3.5282187,-5.6571836,-1.8996494,-2.8816411,-3.4791713,-4.02691,-7.304032,-4.191021,classical
68956,1803.8002003804831,3366.6405343677493,-166.42174,122.12508,-32.114124,16.680294,-5.400134,-2.4928677,-9.827045,-4.8984995,-6.967043,-4.5714536,-6.6540885,-5.4923553,-5.371946,-4.96042,-2.7898908,-3.1823907,-4.077293,-3.5514786,-4.6443353,-1.1656524,classical
50423,1322.7344267555366,2474.902796911253,-274.3259,148.3532,-20.328934,21.799068,7.9280887,3.7767048,-2.2288494,-6.0878696,-5.623011,-6.6903186,-5.903531,-4.592248,-1.5412745,-3.0245388,-4.6955943,-7.719143,-7.2160583,-5.4066076,-5.249051,-5.269738,classical
49055,1474.741479450841,2809.8082221577724,-305.44928,135.9327,-11.758563,18.213852,10.375582,3.0047128,-5.5933824,0.1413443,-1.354128,-1.8684577,-3.2081378,-6.7502136,-2.693773,-5.5951653,-4.5273905,-4.786104,-5.3624268,-2.6244023,-5.832233,-6.9237714,classical
23887,690.5300404559425,749.7401686666183,-465.89728,180.18097,56.64645,11.035487,5.84732,0.7351601,-3.9715195,-5.8865886,-8.459515,-9.785687,-7.6918125,-3.2519479,-1.8584505,-4.0099673,-4.103265,-2.4666235,-2.3584414,-3.000815,-3.229787,-1.7167836,classical
28026,1118.45024606701,1875.6785523310614,-498.64725,145.66858,46.470146,15.258628,3.0686216,-0.8322843,-5.2227077,-6.210678,-3.811383,0.08911605,2.7176886,2.2169223,0.24056238,-0.464902,-0.87923175,0.5838877,3.2779336,2.3057544,-2.5643952,-4.8099847,classical
31488,829.0091476958007,1014.0839685143561,-421.5947,172.78944,28.069185,-2.5672548,-3.5711486,-4.8697968,-8.896141,-10.693691,-7.677652,-7.9523697,-7.321746,-2.7029622,-0.91081494,-4.214681,-8.4307785,-8.406164,-4.1302342,-0.41095373,0.088177346,-0.26952803,classical
29836,795.5192461558522,1008.455026011456,-429.1393,175.105,31.898457,4.288325,1.0443157,-5.7782187,-9.484334,-11.283601,-10.578688,-8.663466,-6.3293443,-1.6777816,0.8228058,-0.18251853,0.029035551,0.19495818,-1.8525836,-4.4139442,-4.9667983,-4.6021824,classical
30736,1117.6754413725102,1992.7705485970127,-413.4534,143.48242,31.305882,14.029361,1.5161095,-2.295294,-6.4711924,-8.109995,-5.934282,-4.475447,-2.8047547,-0.8226045,-1.2224382,-2.3896034,-3.8071184,-3.518237,-2.7078304,-2.38769,0.61112493,2.654155,classical
63065,1559.9200747787957,2813.4220698593385,-234.44064,130.26003,-39.531033,19.348919,-6.7951365,-5.1349883,-3.7098153,-4.0319524,-5.071555,-1.3709055,-7.748646,-4.380751,0.4702783,0.77413905,5.452055,8.770049,7.0452633,2.4262974,-2.293256,-0.24617362,classical
52524,1349.5622465323024,2443.7437690327724,-321.24756,136.29433,-28.282766,31.008644,0.5742571,0.23691332,0.65861267,-1.3397083,-0.058612153,-0.42391244,-6.1761975,-0.14452039,-0.4549774,-0.7290446,7.4753556,10.970392,7.8246856,4.318515,2.9890993,5.8538327,classical
46936,1355.7633128128734,2522.165929524362,-321.1392,134.57178,-18.24004,22.185543,0.42837247,-3.8020203,0.4877545,-1.1469613,-1.9024942,-0.10495498,-2.7560537,0.5838328,2.493017,0.30006465,1.6743901,2.8886983,2.0871375,1.16598,-2.3970757,-3.4238703,classical
50285,1397.3892887853704,2616.092662412993,-269.7108,136.43422,-25.016579,26.40387,0.68106735,-5.372084,-1.109293,-1.4986668,-0.17736836,-3.8057551,-9.296668,-3.1443982,1.6502775,0.6855278,1.9191813,2.2458494,-2.1271436,-3.675965,-1.0782664,3.538287,classical
42241,1285.3702591764913,2477.151043177204,-360.83868,138.97086,-12.927217,33.778614,7.5961585,-1.7088121,1.027019,4.0721283,3.9389958,0.9415783,0.5166478,4.686481,3.336596,-2.258434,-1.8506907,2.2213337,1.7878121,-1.5119549,-3.2532809,4.000858,classical
47033,1211.8707243905028,2105.465974387326,-306.85608,152.84921,-27.586615,16.327555,-3.1488068,-8.940591,-5.437477,-9.772418,-7.1042967,0.29831237,0.8934093,5.4443207,8.212006,4.196132,2.043592,3.022518,-0.38895747,-2.8096762,-2.9019675,1.3368331,classical
47829,1360.1636477191498,2568.9211250181265,-289.74127,143.90283,-27.002756,24.065563,-1.1469277,-6.3004317,-2.745879,-3.524174,-3.0163455,-3.1469986,-7.264607,-1.6910166,3.0758982,2.683342,2.5256891,4.61217,2.3802645,-1.2729075,-3.5536108,-2.8135433,classical
40334,1171.4770789944057,2235.3896280452436,-413.0011,138.53171,-19.246777,34.156403,8.985244,-4.2935634,4.1500463,0.8692795,3.081244,0.12008641,-4.059801,3.7838356,5.919068,3.498136,6.6246977,6.735387,2.467337,-1.8759849,-0.05677945,2.7251773,classical
47557,1340.8675518336236,2523.0652280307427,-238.74171,149.72977,-28.855423,28.25653,-0.80010945,-3.9364913,-2.1363714,-4.325534,-4.18362,-3.4381254,-5.7532854,-0.09010243,2.5456483,0.69135207,0.058995035,1.6971146,0.6599609,1.4763627,-1.8393981,-6.2603865,classical
32032,812.1207959046446,1236.4605047310035,-477.94348,155.32089,12.7602215,5.5314426,2.3841317,-10.652273,-16.651352,-12.546621,-11.187112,-9.374714,-3.2156126,-2.7692902,-6.4778414,-8.309539,-7.097621,-7.473877,-5.3253646,1.2618536,1.8818004,-1.6483129,classical
27358,715.8536805780461,1038.6731211934455,-552.1586,173.31636,26.347733,14.1246195,7.2601395,-7.080264,-5.8543334,-10.337285,-11.018615,-9.1995945,-8.825932,-4.9307857,-3.6539578,-4.2796836,-3.4603527,-4.822288,-5.6770315,-6.540836,-8.199671,-6.445196,classical
34517,790.5070053578897,1159.412272513051,-437.6044,170.93153,7.4195805,-3.083473,0.78938234,-11.128749,-12.52278,-6.907837,-5.858702,-8.461237,-8.481487,-8.339388,-7.378574,-6.732569,-6.086592,-7.0612326,-6.655327,-4.2900767,-4.392879,-4.906606,classical
20898,973.5355866462949,1910.8094819460557,-549.5697,156.96532,6.631246,34.40245,13.249272,5.748277,5.0407815,-3.0072956,2.0624192,3.0736666,2.01758,3.2438076,5.6670165,5.703318,3.6362784,4.1026506,4.3394637,3.3675342,2.6253273,1.6544265,classical
40159,1214.350255123616,2164.7530611042635,-374.65198,153.82292,-21.559772,20.833046,7.002672,-3.9453752,-2.5165145,-2.8052351,-4.2927785,-4.5061345,-5.7571154,-4.25979,-3.845602,-4.5916386,-3.636789,-2.2832582,-3.1167457,-0.209368,2.6291046,1.815584,classical
57907,1415.4129895795643,2490.0326615973026,-263.99594,142.11691,-51.378956,5.0166855,-20.275646,-17.12978,-16.075098,-20.311262,-15.04123,-9.737653,-8.4088335,-11.790934,-6.88593,-4.6030884,-2.0434783,-2.373202,0.96612173,3.0088854,1.3610226,5.5366035,classical
33650,853.0763810425341,1401.3818585955626,-338.83044,190.14246,-16.293915,3.7036424,-0.44072822,-8.890434,-10.388579,-16.360968,-13.284851,-10.792324,-8.643245,-8.279584,-4.624201,-3.7992187,-4.5522614,-3.6663945,-0.9448352,0.5367918,-0.26054767,-1.5557868,classical
38408,1002.6849591058336,1734.1472864704176,-368.99612,171.87369,-27.293062,6.0049872,-0.16409573,-10.674201,-11.9248295,-10.194442,-11.368568,-10.50729,-8.375313,-9.789171,-5.0586824,-5.081462,-3.0391665,-1.7328736,-1.8532635,-2.2638671,-1.2798711,-0.43839782,classical
60707,1525.7917091252423,2733.1846586789443,-246.15865,149.42867,-41.988865,11.6062565,-10.289647,-4.0193577,-7.1368546,-10.135562,-9.420322,-7.171843,-3.1583674,-5.640657,-2.586296,-4.517968,-6.15867,-4.9699883,-3.3515995,-3.3474395,-0.67422444,0.22038987,classical
50913,1356.2906975154956,2496.3027706279004,-283.51343,159.5616,-29.515244,18.527405,-9.859647,-3.4256573,-10.989011,-9.791544,-8.29952,-4.2436934,-2.871725,-5.970813,-4.0241084,-3.350324,-3.398157,-1.8631132,-0.44908845,1.9014164,-0.11366266,-2.8107898,classical
33835,877.322540262127,1457.7129178146752,-392.925,190.73505,-13.30989,8.256798,1.5560119,-11.073181,-11.240291,-13.994958,-10.621299,-9.390467,-4.6211743,-10.071729,-4.821782,-1.748823,-4.664633,-2.1138494,1.0292008,1.3127502,-0.15136662,-1.4068552,classical
46787,1304.1427958416696,2350.2750122353536,-299.62308,157.25868,-37.329967,15.76609,-5.7509174,-4.4520483,-6.8125167,-10.72881,-9.877373,-8.156403,-5.426561,-7.837365,-2.7309942,-1.1138374,1.6426827,3.6369379,3.0815508,0.10749691,-0.79757446,-2.7373397,classical
110442,2423.33233509546,4296.615112021462,-301.9321,57.551674,-59.138554,33.53785,-20.924202,17.733927,-0.6399966,49.018703,19.130726,27.11223,-17.640005,-0.28261402,-3.7509391,18.172714,9.955658,11.608108,11.277827,15.394898,-7.3996224,-5.844482,classical
100713,2172.3382156510365,4066.8943046693735,-326.38028,85.908844,-42.970146,31.839684,-19.570826,9.9973955,-16.449766,9.995579,-8.598667,25.513878,6.546204,16.401815,3.4843886,9.598671,5.937053,9.294363,9.968022,9.203009,2.796967,-5.3871417,classical
100999,2192.5069047333054,4065.970025648927,-251.23933,88.76645,-41.775455,37.914806,-12.039209,21.623262,-5.8672247,25.71373,-5.204475,14.297369,-7.549229,10.474767,-4.9246387,5.264075,0.28599334,3.3210988,1.2696191,4.7757545,-2.0725083,1.1374295,classical
86810,1807.9280818446177,3073.2943576892403,-299.6929,103.639175,-27.674162,51.015617,12.293651,16.498365,-10.951071,-0.8876349,3.8555367,12.946044,-12.410851,2.478124,5.183284,-0.74185205,-0.60572034,-1.1729354,5.935392,9.813155,-2.6790278,-3.069428,classical
71753,1623.758025282237,2732.0272281938805,-207.42522,117.61352,-41.420906,13.249367,-1.6709117,15.538313,-10.338402,-1.8724034,-12.771744,6.9996595,-0.7737135,2.0700433,-8.253666,-1.4549944,-7.0775576,0.936332,-5.5453157,-8.510655,-1.4852846,5.3822665,classical
46468,1423.5649268534714,2926.2090908678942,-385.87155,128.65533,-26.71042,39.469887,-2.1612148,16.753073,-5.7280316,14.715788,-3.0880723,12.3004465,-5.8861976,2.797903,3.690245,10.929424,10.53869,9.916324,6.106343,3.5270514,-3.323849,-3.6731477,classical
82419,1800.875812011135,3426.8602269431553,-422.54468,89.863014,-18.732948,37.771908,6.006347,4.1578536,-1.9991796,12.114278,4.164937,13.789986,2.8316238,5.8929043,6.1134124,8.139939,12.349801,7.0948405,2.4155455,0.77998257,-3.4144511,-0.74397635,classical
77945,1933.7503479685201,3574.5866602921983,-203.65866,111.14665,-51.54852,39.4677,-10.575403,11.908858,-13.166576,15.140765,-7.2812214,13.376247,-7.3036685,3.847437,-3.7815683,5.301976,4.094898,6.644152,2.9907703,3.548755,-3.3496606,-3.6861598,classical
56946,1494.4657470426657,2782.1048320584396,-280.7058,122.70871,-14.398484,26.855293,1.3424962,5.9945974,-13.109008,3.3745084,-11.562682,5.1796885,-1.0512308,2.7557733,0.057794344,1.3432914,1.5182204,-2.1990159,0.77875346,-3.9650521,-9.143814,-6.9278016,classical
81769,1952.607933315679,3779.909832239704,-287.6037,101.75817,-35.34541,41.28016,-12.727132,17.276148,-13.967989,16.304947,-5.5929623,13.654108,-8.788416,-0.05309511,-13.757538,6.4763436,6.7050653,6.980088,7.0220094,8.37935,-5.6104064,1.3776151,classical
53488,1525.0760419585297,3325.672491299304,-378.6962,126.49836,-18.83014,42.88959,-14.325575,25.359526,-14.636545,18.717955,-10.184203,21.119013,4.4280825,18.228247,-10.292283,8.9499855,1.1953154,6.2911563,2.5115902,4.400918,1.700778,9.983014,classical
71218,2798.065625963337,6221.38434516059,-23.104954,70.25588,3.8055308,28.323957,13.754286,5.728135,3.9737794,7.4728084,2.6279068,8.490234,-2.320208,2.0890799,-3.3720124,5.1379585,-0.18774141,0.37143642,0.6120877,4.062127,0.90791935,4.0931935,country
84183,2938.131304280134,6279.551664914443,-7.9727893,62.724636,-1.4591705,28.109985,9.967061,9.363964,5.415904,9.82543,3.0275455,8.420948,0.31071302,6.540354,0.7373716,-1.7740418,0.8462877,2.9812663,-2.765956,2.822757,-1.7402849,0.9725167,country
49746,2308.811438085481,5190.094610091744,-120.3052,79.22588,5.2293863,34.548218,16.506737,13.129608,6.3450885,9.962077,-2.0015073,6.8100667,-6.352069,0.22815086,-6.8128085,1.6181564,-1.7821593,-0.6993362,-4.7783933,-0.28887254,-5.356374,-1.9686298,country
67921,2174.1604933689496,4348.07370779315,-57.75979,95.76648,-10.109319,40.979637,13.979035,-0.989858,-0.18847127,7.4250774,-3.6333375,9.545139,-2.9410644,2.4362512,1.9947804,-1.2870499,1.3565394,4.4236846,-6.5204806,-0.03459862,-1.4115795,-3.0789082,country
82229,2966.157158766356,6349.4199392596265,-20.78135,62.950428,2.3044403,30.773718,6.973462,6.5058117,6.3236365,9.873086,3.4352968,9.372202,-0.404158,7.519415,-0.9842739,4.0191503,-0.66244876,-0.06125199,-0.16676487,0.24374017,-5.4381933,1.8272817,country
91071,2926.5329170109458,6177.674360999856,-24.671667,62.440266,-7.7540884,28.432592,10.997147,5.551389,-0.08674425,13.74509,2.8998163,9.909151,0.85377365,5.952078,-1.2259915,3.0639083,0.9304638,2.0537755,3.0044217,2.9725463,-0.18527678,3.6413603,country
85945,2807.9125120225444,6023.044502707776,-23.201923,71.15687,1.576013,24.438925,16.31995,4.5767665,-3.8856642,17.993046,-3.3505049,2.435541,2.915715,0.81521153,-1.1092839,0.10907396,-3.3491633,0.18941298,-1.2112298,-1.5178907,-2.7241652,-2.1066606,country
74790,2898.7873676124145,6400.052966421972,-20.81746,64.90752,6.7671013,26.357126,11.665423,13.185629,-1.9791067,8.582197,0.47289523,7.441096,-0.41490942,6.945586,3.6606066,2.0337162,0.6502081,4.3827734,-2.802764,2.975754,-1.8402817,-2.3632526,country
69507,2505.851670683388,5480.083979104424,-19.763226,76.64637,-4.826523,32.238724,7.710495,17.18376,-1.4951016,9.149327,2.7572665,9.145538,-2.6543097,7.5196223,0.38755095,4.9685216,2.840625,1.9047852,2.4618192,6.3932567,-3.353888,6.306531,country
104220,3191.2596103538226,6926.771206325955,12.145776,58.997505,0.93959504,26.743252,9.245794,3.563203,1.5272026,8.654258,1.0029399,11.647983,-2.1983073,1.1939832,0.48530078,4.4125214,-0.18384138,3.0693944,-1.1723117,4.571084,0.8877279,1.2992413,country
50740,1861.4546089152097,3769.3680553037993,-197.70265,106.49648,-4.43353,37.656395,-0.8653605,-0.9621034,-3.4531174,-0.049805444,-9.302802,-5.177724,-4.2500987,-3.5460405,-1.3531574,-7.1248527,-1.6266911,-2.4774737,-5.0505986,0.29088068,1.070669,-1.6446807,country
73042,2839.258428843846,6047.924011655307,-199.05687,61.1464,9.977331,23.48061,10.260272,0.0013762885,8.017387,1.1231514,-4.8983793,9.487703,-6.3569746,3.8757417,1.6276603,-1.3460342,2.6078076,-3.587762,1.970142,2.5379186,1.0361689,-0.9794807,country
42453,1667.5169602192075,3439.733518525232,-141.01443,123.921104,-2.5103796,27.954958,-0.004282374,1.2101256,-11.015173,-1.3653064,-7.0197535,-6.129559,-5.1838574,-2.1625636,-4.5987415,-2.3517382,-1.1944948,-3.9681969,-4.2295647,-7.809359,-1.6702602,-1.0921724,country
85826,2811.872177811303,6061.51341130728,-126.20302,77.6602,3.1578352,19.944597,10.8167715,0.72969556,5.22846,-0.49303123,-0.995941,5.3951406,-3.7251055,-3.493331,-5.336726,0.28801122,-2.0074854,0.8424077,0.33523834,-1.1135596,-4.39304,-2.6176634,country
82710,2952.9885812414304,6570.3581559962295,-124.6224,72.49065,16.715553,18.250063,12.224811,8.094714,7.986082,-0.5102593,2.3697214,-0.56879467,-5.5688143,0.5433139,-5.056865,-1.1623459,-3.5811627,-3.6917102,-0.17290589,-0.6430835,-4.141272,-3.9908798,country
62448,1958.9864228333956,4208.1924190654,-116.19743,111.75399,-5.245356,33.98964,-12.460976,4.2414293,-14.408439,8.494257,-8.198441,-1.3370373,-12.551117,-5.0011096,-2.1393461,-1.8339944,-8.265982,-3.0184085,-5.478927,-2.9580772,-2.6427643,-3.3766387,country
39906,1426.020748265391,2880.8278236477668,-210.10042,139.62177,-17.025503,57.99346,-9.658052,-1.9567311,-17.993433,-8.213175,-11.769384,-7.876312,0.62425035,-9.962924,-6.46942,-3.8414884,-12.0469055,0.32404706,-8.042443,-6.8062153,-1.8404863,-5.930669,country
42341,1470.219043159776,2967.8432809781034,-171.32309,137.33298,7.9547596,28.53364,2.6904233,-0.5032649,-2.9567094,-1.1481972,-6.1525826,-2.397033,-5.854901,-2.1742196,-5.3409767,-2.7799237,-1.5689759,1.2956558,-3.4121354,-0.90382963,2.6215572,-0.093732014,country
63337,2068.8697962895244,4098.677845399507,-131.1577,102.98625,-11.529913,17.738117,16.948603,4.4418244,1.2972013,3.4134758,-1.5013239,1.6068558,-7.989871,-0.82989687,-8.8802805,-3.843188,-4.493553,-8.938275,-6.387143,-1.5204933,-5.404016,-8.042571,country
33769,1138.9703748182449,2118.197709723028,-256.0997,163.07938,-22.86085,26.92573,15.294624,-3.5060468,4.2238126,-0.787576,-9.461128,1.7529935,-4.4277167,-3.6453378,-4.2500973,-8.10834,-2.3792915,-5.1488204,-11.160197,-2.4134085,-0.54217404,-4.78059,country
57499,2407.953176590958,5212.450718713747,-161.19606,74.76473,22.419218,46.01183,5.280713,25.113438,-0.5761164,10.385748,-6.833753,5.054584,-0.7702397,1.403467,-6.0123224,-4.014767,-4.793655,-2.8704045,-4.9927034,-3.6065133,-7.578406,-3.2216105,country
30270,1044.7200864298254,1947.6307596795243,-209.33365,167.1017,-20.841473,36.802998,10.272971,3.9958642,-5.6698804,-4.625789,-6.24442,-4.1741776,-6.6804767,-3.2626216,-7.9688377,-4.062071,-4.9921985,-4.5038943,-4.0038567,-6.3972435,-5.915193,-8.175333,country
45103,1719.471451804851,3449.9672024543215,-195.07317,114.25745,0.04147549,38.20062,11.286058,-6.0460644,1.228559,0.014777211,-15.4136305,-3.5779057,-6.1284695,-4.5047817,-0.12425667,-4.3938026,-9.421525,-10.715926,-6.5454497,-10.0430355,-7.268236,-4.016517,country
23496,1495.5580555935935,3053.293292760296,-353.09116,110.67462,32.743443,24.189941,18.754097,5.9265885,-1.7344853,3.8793364,-2.9791188,-1.9010768,-2.8730123,-0.9832504,-6.486425,-4.2474575,-3.7497633,-6.016767,-7.187651,-2.5127833,-4.0373755,-3.4209433,country
54606,1738.8802792815318,3424.7701905996228,-200.06026,109.140465,-5.542463,48.14052,1.2196503,4.592618,-9.150064,-1.4768001,-11.666416,-5.2047043,-11.545386,4.9804335,-4.9844666,-6.054702,-0.6854685,-8.531242,-8.462758,-7.9394183,-7.6054854,-0.38997796,country
37952,1565.1556633857267,3188.704332674739,-200.6344,119.69184,-3.5907493,31.953747,9.979258,15.293263,0.64658093,0.23592448,-4.47019,-2.3123803,-5.2613406,-2.4783907,-6.0412717,-0.79284066,-4.6983566,-11.286766,-8.868493,-8.070287,-3.155758,0.33077022,country
36307,1270.3012271297193,2498.1929628589037,-194.23512,151.79347,-3.0450041,29.494707,9.111862,5.9693475,3.7879229,3.7599015,-5.853435,1.5923063,-3.765781,0.9401922,1.9712703,-2.2243295,3.352178,3.7439473,-1.1339498,2.2293499,3.3601303,-4.146596,country
64504,2011.7251475824085,3907.7517763921114,-100.76679,106.98421,-27.158413,29.09983,5.039681,-5.423927,3.2426603,-5.179371,-5.118583,-0.8158501,-3.8342147,-2.705255,-6.645411,-4.6659985,-5.6974974,-5.994116,-10.221099,-10.53487,-5.7335424,-7.296422,country
39654,1474.2739873205333,2925.9676125652554,-169.22511,132.78679,-13.487546,31.186213,6.340469,-3.7556648,-2.0590014,-3.6253164,-4.561241,1.2809827,-6.97704,-7.2528353,-1.3950256,-9.511089,-5.424648,-1.9138142,-7.1670804,-1.4267459,0.16021526,-4.110891,country
35931,1214.2001322331173,2274.317595798289,-171.242,160.48726,-17.805805,30.491001,7.5109696,-8.247462,-5.667516,0.13154976,-8.835052,-2.655703,0.7119979,-3.7818263,-6.502074,3.7801006,-5.4355664,-3.0836105,-6.254925,-1.9367636,-0.83901143,-1.439849,country
28389,1240.7101461693421,2413.3841176044084,-277.10757,128.25293,42.425163,37.693504,12.766559,9.593897,-5.988017,-7.539555,-8.03414,-4.942542,-6.532016,-3.6276438,-7.2275624,-7.4517097,-1.5754973,1.3886026,3.0774214,2.512724,-1.0510269,-2.747677,country
63198,2053.1842219018504,4094.547733740574,-130.48167,104.1242,-19.271059,34.147877,5.397541,-2.171723,-0.7280454,-2.9078915,-5.4620852,4.0693655,-4.4698324,3.5257306,2.1481223,0.19073845,2.678066,-3.091217,-3.1905007,1.6676377,-0.68600947,-4.3751063,country
44791,1823.2405420223326,4016.0006706786544,-237.93953,97.7333,6.486745,45.971268,2.1488123,16.21856,8.811721,7.763634,-0.5899205,4.483779,0.14919914,3.0199268,-1.6625808,-5.413756,-2.8238852,-3.056329,-0.49918544,-0.105470166,-3.8538585,-2.6616333,country
81943,2456.7182164160545,4914.87450832004,-133.27147,78.98,-5.6516805,35.54217,-7.5470138,7.928213,2.7289069,0.40225086,-1.144252,-1.1125526,-7.844963,-1.1714913,-4.8177476,-3.1375563,-5.0382576,-1.090216,-0.97502244,-2.464431,1.1565145,-1.8438414,country
79068,2614.344099819735,5435.626631380511,-153.86862,83.66914,-8.426157,13.954346,13.531212,3.7665932,3.0097833,6.355866,2.077902,2.068881,3.1684868,-0.48438066,-3.0256164,-4.530002,-5.0442257,-4.920896,-6.1262865,-1.672101,0.45192313,-1.5518768,country
69168,2321.887949121375,4580.651883791328,-120.41707,95.35442,-6.02527,25.163818,20.953634,-7.1270046,8.549671,2.4336689,-14.656025,9.28693,-2.3609252,-3.1556685,0.61143744,-4.4182873,-7.454242,-0.44656548,-3.5862525,-5.0221786,-2.5233455,-4.75625,country
56270,1827.8001724199707,3647.521434527262,-339.64667,97.738594,-9.763496,50.972683,7.8148556,11.721101,0.673925,2.4926815,-4.7740016,0.2095192,-5.979658,-2.9014666,-6.1582875,-1.8433895,-5.3552957,-8.310177,-10.716725,-7.7242303,-3.43076,-6.958146,country
56294,2068.6621261910536,4232.98974269504,-173.44347,105.07096,1.1555927,24.115498,22.134285,2.5480733,-1.5893732,0.16644396,-5.3277473,3.8132274,-4.5264587,-4.588154,-1.5657427,-2.2591255,-3.8538098,-6.4594007,-7.4668293,-5.533458,-2.1930578,-2.4577627,country
80304,2860.0275830474784,6246.1527176080335,-118.0589,74.18071,8.265662,15.4471655,6.1578817,8.441981,4.1116734,5.726584,-1.9592634,3.1633985,5.048196,-1.1217972,2.4379733,-1.4263781,-4.7327013,-6.3664823,-5.741871,-6.265362,-4.5188313,-1.0050511,country
140751,3760.408113295342,7442.153116389936,-89.70956,36.282784,11.465646,37.4974,9.179835,3.7314453,2.827662,6.81722,1.4637537,0.09840076,1.0316732,1.1726795,-3.5680354,-2.089673,1.715117,-1.364941,-4.377178,-2.600144,-3.5321808,-4.2313657,country
70452,2449.753677616513,5042.957930775087,-102.86877,85.338524,-4.320379,30.584402,3.0148716,-1.9487438,4.437098,3.4139795,-4.258278,-1.7707374,-3.9678407,-1.3573309,-3.7603476,-5.1723924,-2.8900797,-0.2661725,-7.4162846,-4.097761,-3.4465065,-10.108175,country
63531,2634.2236070027966,5808.127730296549,-111.62214,82.249146,13.051351,31.925335,23.684826,-0.53294593,12.03311,3.66216,-5.7393713,3.3419154,1.4315193,0.77138215,0.5497473,-1.1433071,-1.7450073,0.5581424,-2.3293762,-4.6182427,-0.6183298,-4.9373837,country
57704,2387.972038530552,5391.869097574681,-101.28794,84.11575,7.7757306,30.372738,13.849443,11.625496,-0.119096465,-4.9368935,-2.3647227,-1.968338,-8.188103,2.8200758,0.54014134,-6.7938085,-4.316278,-4.5806985,-9.840426,-5.6853867,-10.406918,-7.512468,country
88999,2530.499843687951,5070.286613163428,-101.19267,85.44991,-19.70174,20.570631,9.992324,7.598467,0.10015661,3.40321,0.05630749,1.5763917,-1.4527315,-1.2911733,2.1356745,-4.7895947,-0.30900574,-0.4361962,-4.8902736,-2.98759,1.0863556,-1.4590399,country
44079,1729.7885873441894,3359.5210878589037,-162.78079,119.890144,-2.907841,20.50893,27.810162,5.49017,6.0408688,1.1912667,-3.696575,0.35227907,4.4168353,-0.41024783,2.4561374,2.1403534,-1.6048268,3.623599,-3.4616482,-2.560469,5.64175,-3.6429384,country
88132,2777.488240661974,5622.539164461282,-61.222664,71.25142,-17.037924,17.114265,5.0512624,-4.2119603,-1.6805953,1.1818885,-0.85438174,4.967768,-1.7029345,4.841895,-0.16024244,-2.0819259,-0.27359882,-5.322599,0.23067088,-0.09922013,-3.945604,-0.92258465,country
76810,2109.4177307680015,3843.893255601073,-126.90665,103.49357,-31.897821,58.728836,-1.9615221,-3.1359189,-2.9429367,0.3602378,-3.0343478,-0.82732624,5.5868716,-10.137715,0.7289897,-1.6241794,-10.0569725,-5.2208104,-9.046826,-4.7467217,-1.036156,-2.845108,country
62357,1784.038731098896,3556.0594456931553,-165.54424,117.90447,-33.605473,42.598927,-1.3801005,3.827964,7.166964,-7.171045,-1.6472126,0.8621202,-12.5100975,2.884921,-12.365843,-1.3205843,-6.628704,-8.863541,-5.122061,-8.087145,-4.263749,-0.15570083,country
42395,1939.8088632523286,4126.805904237964,-148.98796,107.2436,11.189903,26.696136,11.397693,-3.8045828,14.0203285,-5.8768187,-11.0484915,2.7971046,-8.450597,3.1810462,-0.7678391,-12.403871,-6.292442,-3.3005712,-8.160136,-6.577002,-3.674575,-2.9715986,country
50226,1599.9112025699949,3006.7296145410382,-110.04325,134.77678,-24.017365,19.40414,-4.4027624,-4.810312,-7.802366,-0.39133027,-5.406988,-2.9562922,0.7801952,-4.774832,-0.17851046,-1.6923544,-2.4074452,-1.964049,-6.936482,-4.072655,-1.9575318,-5.788808,country
52340,1780.2063536518049,3875.043956641531,-143.05974,121.874374,-13.355456,47.767853,-12.669741,23.367556,-11.009172,18.85914,-13.707747,15.945983,-11.358795,10.289537,-6.009821,2.7351432,-9.286383,4.509867,-8.319018,4.52536,-6.0326614,-2.349008,country
39303,1553.0252622823373,3167.3210126341355,-204.6437,121.91709,-17.759083,46.32515,-1.8045665,17.017439,-14.691548,14.671547,-19.392052,10.927665,-13.475389,1.1953377,-6.2094746,-1.688681,-8.6943035,-2.5130563,-11.337749,0.18536277,-7.2900896,-7.505965,country
23505,1115.6797011223894,2347.685365610499,-265.2709,138.86661,6.1286917,47.477863,-2.3875465,21.05125,4.090744,17.650291,-12.018802,15.490483,-1.128818,7.8953543,0.5013676,-0.2252945,-3.8683393,4.0574546,-3.1072855,3.0066712,-1.3925425,-1.4885429,country
71798,2271.851928717389,4957.865973027842,-84.68879,100.969574,-16.019012,51.744453,-17.08682,22.575502,-20.29776,18.909782,-19.48607,15.338605,-17.739527,8.58395,-15.003451,6.4331317,-10.280581,3.279852,-9.553055,4.0553546,-5.586521,-0.70463467,country
39884,1654.4094241284452,3907.9599473426624,-175.00964,115.713554,5.100794,58.16809,-3.3074555,29.656008,-10.033722,19.659372,-16.311836,13.744991,-8.834571,7.2225156,-8.883326,4.751006,-11.4880905,0.9202145,-8.160395,1.1886197,-7.9795504,-5.6592975,country
53775,1881.2205097000312,4111.442888087297,-82.9455,122.53113,-16.672253,40.01724,-15.014211,21.675644,-18.251837,18.362713,-17.989063,16.989252,-16.042936,8.533767,-8.709853,10.766406,-4.6239805,7.2427526,-7.600783,5.2961807,-5.509711,-0.18257076,country
36396,1468.4574661840363,3212.660645664153,-164.78546,123.44315,4.22473,48.800877,-5.1533303,22.848055,-7.809706,19.28812,-11.021052,21.256647,-9.741073,5.161778,-6.143532,5.4232335,-9.920733,3.909134,-7.3305373,1.3860341,-8.843821,-3.7325783,country
50013,1741.8884862990076,3791.309273491879,-137.86005,121.520035,-13.279321,43.328953,-10.695389,17.859848,-7.950051,9.101155,-19.791092,9.442091,-19.604746,6.9056215,-12.5497055,-0.7610515,-9.155741,1.4590724,-8.294413,-3.7427933,-6.868958,-0.474018,country
48583,1796.711976172283,4165.017763921113,-101.2983,120.435974,-0.4128397,49.037693,-15.870199,19.87758,-13.0966215,18.572927,-15.718036,15.2437315,-5.91671,6.6559696,-10.362755,7.08676,-8.216911,6.206989,-8.38423,2.9266849,-6.6580515,-1.3242375,country
34818,1535.4059360676958,3510.470007522477,-185.06337,120.51211,29.720224,56.37222,-3.028255,22.213934,-10.350044,20.053122,-13.679165,9.170145,-6.430171,3.3002465,-8.73294,5.0033126,-9.221929,3.7827632,-10.196797,5.9067483,-4.4166937,1.5806315,country
28445,1373.628372258797,3070.4965401138343,-178.47949,130.10803,12.076066,47.04983,2.611667,24.099432,-4.625375,22.778528,-10.929766,13.5343075,-6.8069158,8.726394,-6.0959067,4.0816507,-5.155068,7.86254,-5.255989,3.9590065,-3.1323974,-4.381459,country
32196,1397.8552410654052,3101.2558797672564,-186.33115,135.86916,5.9504013,45.837704,-5.776936,22.777603,-12.992677,17.12588,-13.76287,9.738707,-8.365436,6.6548285,-9.085711,5.422782,-6.856298,1.5570384,-8.555395,5.4461145,-4.3698983,-4.7165666,country
67811,2166.605874060237,4793.95216656395,-94.152916,109.18758,-11.8546715,41.572716,-19.482601,23.833263,-19.930464,20.372795,-17.291353,16.56533,-10.201443,9.38751,-10.049829,7.798575,-15.0875025,3.2730067,-10.460257,7.5392833,-5.544067,2.2245817,country
38605,1614.587917821519,3657.9216552167923,-185.41428,118.49516,17.795778,48.869015,-2.173466,21.354282,-8.994565,20.53351,-11.412323,9.274986,-5.478168,5.76185,-2.9883938,3.4418387,-6.075713,1.2715186,-5.935121,7.086093,-2.1568449,4.8877244,country
39796,1511.6824072378731,3237.6494865683003,-217.81781,128.37343,-7.5112424,39.2846,-2.5414019,18.173687,-15.148812,16.760803,-15.247553,4.8962364,-6.500653,2.9013944,-11.492002,-0.10292538,-10.617553,2.2566464,-9.159387,6.8608007,6.236822,3.3703074,country
25623,894.5392326361114,1639.8291921947505,-250.85716,163.07423,-3.8745751,30.153006,5.589061,7.5009403,4.0263863,-2.1164129,-5.477513,-1.062121,-9.981778,1.8189913,-8.753831,-7.0452027,-4.219442,-8.841707,-7.4066973,-3.3003654,-5.1424313,-9.970611,country
65570,1701.9620057853401,3244.6606841828598,-102.481804,135.68375,-46.88445,32.738888,-11.159096,23.469543,-9.779008,16.897072,-11.684482,13.215306,-7.1829667,4.7462153,-8.193246,2.5920877,-2.9957347,6.7960844,-2.067776,3.283619,0.2703117,-4.220294,country
23430,858.1117095303139,1446.105305611949,-328.71906,167.03047,13.017286,28.825632,11.25177,14.431291,11.699713,7.8014154,-11.720729,2.3800797,-8.350321,-3.8527913,-6.739853,-5.7612166,-8.242395,-4.5422,-1.0535564,-4.6027017,-2.859498,-2.230309,country
33293,1131.0769032518176,2216.987316016531,-229.49329,157.29971,-16.750404,31.881748,-0.10805432,16.648754,1.357668,12.212552,-3.8637102,6.835824,-4.267376,1.3341366,-5.9014387,-4.0228686,-5.2541885,-4.5474105,-6.798797,-4.4025044,-4.1719646,-6.34093,country
40478,1327.7101967128094,2755.833658098898,-217.11804,136.18945,-10.363231,51.37767,2.598726,15.119396,-0.6796688,12.281109,-6.2290382,7.803085,-5.412614,3.6122782,-2.7987616,-0.3498287,-0.5604937,0.36267763,-2.2479205,-2.495412,4.1853766,0.34537798,country
62762,1934.7410485390476,4048.308802204176,-99.33054,117.57579,-29.873354,40.84807,-15.25619,27.988762,-11.962531,13.341765,-11.372491,10.539091,-8.746651,8.420694,-6.837034,0.44689482,-5.3098555,1.6531308,-7.3515162,0.52297884,-1.4633933,-5.9213367,country
40096,1261.498736765584,2422.3354684781034,-185.85483,155.27069,-25.015507,20.559324,-3.8406792,-0.57958287,-4.573758,-5.901456,-16.531105,-0.44806433,-16.299582,-4.2123995,-16.80468,-4.549109,-8.363047,-9.982121,-7.767383,-8.349513,-6.849295,-10.196375,country
54525,1711.3330129255453,3556.5090949463456,-96.24628,131.92442,-26.341778,35.975468,-22.810158,14.495447,-11.845881,11.814583,-21.22422,11.547977,-12.930905,7.1881924,-13.941332,2.9535449,-5.0283113,1.5337491,-4.391591,2.5518255,-5.3600492,-5.971147,country
46217,1548.9063872294403,3289.384131199246,-167.00668,132.4709,-17.308983,46.921646,-3.6383252,20.937962,-8.8259325,8.533768,-15.142039,8.106652,-16.94435,6.661936,-10.934709,1.1028379,-6.292039,-3.63586,-7.384878,-2.1708188,-3.835291,-9.659088,country
47148,1534.0502230522666,3117.7596727269433,-207.24358,130.93799,-18.50727,33.30124,-3.9344985,15.381376,-6.393797,2.9486027,-16.781153,7.0790563,-8.595193,4.7997184,-12.249362,-1.0135845,-4.545796,-6.0678244,-5.5366726,-2.3692818,-6.538889,-5.8997445,country
75352,2187.1340254374145,4840.865571980134,-60.91825,105.47954,-16.908377,40.71572,-15.026839,36.03335,-12.812083,17.487259,-16.741238,11.76303,-10.137154,13.196802,-12.209422,2.3499122,-12.19226,6.4409447,-1.7899201,6.3283567,-1.331766,-2.7994835,country
44068,1321.6158526816876,2589.8631226435614,-183.98438,159.79948,-23.137691,43.02262,-9.470627,8.825906,-1.6558597,4.349173,-13.371262,0.83122236,-13.96949,1.4447742,-7.3807516,0.61156195,-3.3913934,-3.5919597,-9.069878,-3.1678317,-4.073247,-7.056792,country
58197,1513.0709549777368,2922.4536869199537,-118.21476,152.9557,-46.51243,31.121635,-17.298687,6.282562,-3.6962414,13.058594,-13.1422205,15.704863,-13.088502,5.70854,-10.694908,1.0137244,-6.701207,2.588542,-9.805691,0.15128009,-3.4621062,-7.415149,country
33089,1144.888561549168,2223.7570353284514,-302.41068,150.1164,-3.7138388,26.95196,-0.2614173,13.506062,7.233894,4.227106,1.7578514,6.5712256,-0.5007281,7.9061255,1.3247038,0.4774178,0.087967664,-3.1984913,-1.8258468,0.878718,0.5783262,-3.156568,country
30333,963.6542369667934,1754.931074173434,-229.05678,180.33003,4.537212,24.171108,1.0911434,4.0153756,-6.006487,1.902865,-13.129048,0.015985925,-13.5007715,1.5909431,-13.422156,-5.68734,-7.6039324,-9.792611,-3.7851264,-4.7948513,-4.7134557,-2.9597528,country
59200,2049.2462808474193,4434.515876504495,-101.020874,111.61904,-13.149067,44.606804,-5.94553,29.338867,-7.9442205,19.591711,-22.431093,17.265936,-17.816372,11.403573,-12.458793,1.644595,-8.516321,2.725518,-7.2944236,4.8751426,-1.2057087,-1.2987939,country
66982,2102.2901763219265,4417.928815164588,-74.15763,107.61035,-21.188368,47.216305,-5.9845843,17.79499,-20.406624,14.9786215,-15.971437,15.732458,-14.664344,10.680037,-10.130847,4.4517035,-7.6493077,6.928254,-9.016342,4.171889,-3.7496874,-3.5898669,country
70286,2253.4147942762393,4799.531148038718,-68.574776,101.349686,-16.8994,51.507854,-10.240494,20.057522,-21.787128,15.519601,-18.788992,16.34265,-17.896719,12.110843,-13.195823,3.882896,-8.877574,5.0218263,-9.8212,6.5356474,-4.5066094,-1.8112191,country
39467,1436.111663789828,2924.4271475311775,-148.53708,141.28717,-15.904907,44.664753,0.987062,13.670253,-13.241114,12.6545315,-11.708021,12.162337,-10.482789,9.917889,-5.0692515,1.3543675,-0.55959547,2.864251,-8.09396,2.1128888,-2.4824815,-4.4323597,country
61625,1964.956170283403,4059.433457801624,-80.23084,108.203285,-23.831284,52.62174,-6.4135385,15.064379,-17.638653,9.731315,-16.172585,8.9045315,-15.960604,8.001686,-10.708485,4.5626254,-4.965905,3.9872453,-9.806828,2.6839185,-8.187603,-5.236678,country
45914,1596.3192347628153,3291.640704303219,-146.03406,124.633896,-17.923777,49.24625,-0.16372989,22.78391,-7.1801314,16.748545,-9.71323,15.436437,-7.632503,10.915412,-3.4583304,5.428929,-4.934321,5.1209855,-8.048678,2.6393735,-1.8593752,-3.4213555,country
51868,1879.4371808250905,4031.4303015334976,-122.42891,111.49043,-13.700005,53.85051,-2.6792428,19.700176,-14.1241455,13.753136,-14.02773,14.631097,-13.9932375,9.227839,-10.554295,3.0150752,-8.303682,5.0866604,-9.635659,4.3253803,-5.681362,-1.660016,country
49046,1591.3106548664052,3162.97440318663,-170.8428,124.75503,-19.23662,39.212093,-3.7663841,15.302875,-12.9792,8.529965,-11.831753,11.324966,-13.776035,3.11416,-10.082476,2.9053109,-5.4852047,2.5340974,-9.193725,1.0816598,-3.5736284,-6.710675,country
43773,1622.8096137745454,3527.1653177566704,-121.959,123.24601,-8.496771,51.599014,-0.106691286,20.418154,-11.878725,16.262133,-11.5288105,11.832639,-8.090614,9.130125,-8.650755,5.554147,-5.7135496,3.9488192,-5.4610395,4.971839,-3.0476742,-3.32546,country
34792,1321.7634742426656,2584.125931246375,-205.06755,140.98952,-8.963087,36.968815,6.427648,14.869453,-4.316959,12.225619,-11.42915,11.855211,-7.889388,9.9110365,-2.3491375,4.485367,-5.0009093,3.145683,-4.5268893,2.6499436,-3.11499,-10.708285,country
65614,1927.52511688479,3883.6122729662125,-91.654945,115.8513,-30.201815,52.284874,-5.0187893,16.961172,-15.656676,13.546172,-12.756255,15.970038,-11.9657,11.068041,-9.953225,2.1009073,-7.821986,5.040983,-7.2945685,3.0502584,-4.4412885,-2.2321153,country
42896,1563.3792652109507,3233.794160564095,-193.73314,125.576965,-20.945107,46.33686,-2.6908514,12.840516,-6.6026425,10.736069,-10.91958,6.1234164,-9.4414,5.1659884,-3.6614413,0.3328779,-8.011831,0.40246382,-6.5251393,1.1832983,0.7274877,-5.201875,country
80337,2335.0896331583326,4839.225184889791,-50.79226,96.71365,-24.32533,66.08502,-14.70023,24.393627,-21.02959,12.470781,-18.150887,13.2603655,-12.813221,9.8000765,-11.347794,4.9309936,-7.8565717,5.746794,-10.30359,3.7309506,-3.2364693,0.38962886,country
45159,1537.7806405042602,3055.5581927022913,-213.623,117.20727,-21.871634,45.657173,-10.280004,5.05799,-11.914002,5.5748677,-17.7996,0.18725963,-14.170548,-1.1572179,-10.304958,-4.0669403,-6.6386614,-5.4238014,-9.721564,-3.2093642,-4.4566813,-9.15581,country
41763,1474.7471730595228,3107.8590623187356,-104.32959,136.42427,-20.96272,52.845562,2.018694,20.423431,-11.615844,17.667425,-15.739916,11.050942,-11.3228245,3.6751578,-6.4964414,0.039819278,-2.0384977,2.1921766,-7.1179533,1.8479372,1.6751455,-1.4926864,country
44709,1557.7510486716924,3220.9541763341067,-124.79657,127.310844,-23.381498,47.375706,0.5761374,16.01138,-9.977922,16.199665,-16.736052,6.7884483,-8.19515,3.2016323,-1.5992867,-2.153729,-3.5309863,2.2144253,-1.4061264,-1.685799,-1.0267593,-2.6280158,country
64589,1754.3169301118585,3504.9992749419953,-69.83627,124.2077,-32.48237,47.6898,1.4008855,22.600842,-8.752852,21.427229,-15.660797,15.749121,-12.432544,9.573857,-9.047071,2.895844,-3.1919308,5.8264384,-5.6165805,4.1708198,0.1185636,-1.7212396,country
44548,1561.0425269435516,3175.33143081134,-148.36998,126.86573,-19.571285,52.876766,8.581605,17.882395,-8.099402,17.780605,-15.515441,13.506864,-10.96457,9.469389,-1.9210476,1.882527,-2.6670923,3.3894465,-3.5160546,2.1107843,2.090973,-0.110573515,country
40903,1425.279703902191,2981.1912023274363,-139.56085,128.79108,-20.232744,49.427704,-2.163364,16.994392,-8.339966,9.827165,-20.141237,2.5050974,-11.247482,3.7663162,-6.4156575,-3.338471,-2.8918989,1.9810771,-4.188349,1.3808455,2.4423149,-3.6160343,country
71732,2157.4833628790802,4478.689752211427,-42.18055,106.264595,-24.218506,44.67555,-12.344404,20.534286,-16.052776,18.492975,-18.786245,15.519278,-15.459703,8.954699,-9.982072,6.930359,-8.807148,4.5700974,-9.049452,1.062708,-6.450736,-0.98502964,country
